PCTimeStamp,HD01_Ambient WindSpeed Avg. (1),HD02_Ambient WindSpeed Avg. (2),HD03_Ambient WindSpeed Avg. (3),HD04_Ambient WindSpeed Avg. (4),HD05_Ambient WindSpeed Avg. (5),HD06_Ambient WindSpeed Avg. (6),HD07_Ambient WindSpeed Avg. (7),HD08_Ambient WindSpeed Avg. (8)
2024-04-01 0:00:00+07:00,4.293,3.012,4.535,3.637,4.395,3.758,3.484,3.262
2024-04-01 0:10:00+07:00,3.566,1.5,3.102,2.543,3.117,3.23,2.574,2.766
2024-04-01 0:20:00+07:00,3.898,1.965,1.863,2.402,2.41,2.215,1.832,2.148
2024-04-01 0:30:00+07:00,3.762,3.242,2.824,3.008,2.254,2.461,2.258,2.207
2024-04-01 0:40:00+07:00,3.691,3.902,2.176,3.512,2.387,3.168,3.094,2.207
2024-04-01 0:50:00+07:00,3.461,3.52,1.879,3.996,2.543,3.043,3.156,2.273
2024-04-01 1:00:00+07:00,3.574,2.359,1.824,3.43,2.352,2.598,3.125,2.113
2024-04-01 1:10:00+07:00,4.246,1.98,2.633,2.859,1.746,2.066,2.418,2.293
2024-04-01 1:20:00+07:00,3.773,2.996,1.496,2.969,2.266,3.051,3.102,2.734
2024-04-01 1:30:00+07:00,3.574,3.273,1.719,3.492,3.109,3.156,3.641,3.277
2024-04-01 1:40:00+07:00,2.758,1.555,1.793,2.52,1.879,1.801,2.363,2.008
2024-04-01 1:50:00+07:00,2.93,2.621,2.313,2.539,2.566,2.371,2.707,2.953
2024-04-01 2:00:00+07:00,3.734,1.797,2.211,2.145,2.43,2.707,2.465,1.906
2024-04-01 2:10:00+07:00,3.613,2.168,2.883,2.352,3.457,2.742,2.609,2.703
2024-04-01 2:20:00+07:00,3.996,1.598,2,2.129,2.465,2.152,2.086,2.754
2024-04-01 2:30:00+07:00,3.578,2.063,2.176,2.203,2.449,2.266,2.508,2.504
2024-04-01 2:40:00+07:00,3.305,1.285,2.461,2.371,2.285,1.902,2.184,2.781
2024-04-01 2:50:00+07:00,2.793,1.961,2.141,2.441,2.387,2.625,2.691,2.848
2024-04-01 3:00:00+07:00,3.121,1.742,2.285,2.395,2.504,2.453,2.535,2.516
2024-04-01 3:10:00+07:00,3.906,2.102,2.418,2.824,3.176,2.883,3,2.887
2024-04-01 3:20:00+07:00,4.441,2.082,1.617,2.941,2.332,2.473,2.703,3
2024-04-01 3:30:00+07:00,4.754,2.973,1.762,4.012,2.113,3,3.469,2.508
2024-04-01 3:40:00+07:00,4.598,1.969,1.863,3.883,1.973,2.867,2.703,2.531
2024-04-01 3:50:00+07:00,4.645,2.52,2.125,3.051,2.449,2.953,2.188,2.188
2024-04-01 4:00:00+07:00,4.145,1.84,2.141,3.25,2.352,3.309,2.02,2.539
2024-04-01 4:10:00+07:00,3.824,1.457,2.008,2.367,2.379,2.348,1.883,2.332
2024-04-01 4:20:00+07:00,3.336,1.391,1.809,2.633,1.949,2.328,2.316,2.316
2024-04-01 4:30:00+07:00,3.359,1.59,2.27,2.668,2.281,2.742,2.75,2.809
2024-04-01 4:40:00+07:00,3.934,3.117,2.891,3.652,2.355,2.902,3.332,3.082
2024-04-01 4:50:00+07:00,4.598,3.156,1.793,3.738,2.434,2.5,3.426,2.301
2024-04-01 5:00:00+07:00,4.484,3.527,1.848,4.238,2.668,2.824,3.984,2.875
2024-04-01 5:10:00+07:00,4.066,3.922,1.504,3.785,2.141,2.59,3.598,2.172
2024-04-01 5:20:00+07:00,3.813,3.109,1.766,4.047,2.641,3.156,3.449,2.484
2024-04-01 5:30:00+07:00,3.289,1.957,2.539,3.008,2.461,2.438,3.445,2.629
2024-04-01 5:40:00+07:00,3.664,3.277,3.605,3.539,3.121,2.863,3.602,2.121
2024-04-01 5:50:00+07:00,3.48,3.258,1.609,3.965,2.48,2.195,3.414,2.535
2024-04-01 6:00:00+07:00,3.27,3.133,1.621,3.617,2.266,3.344,3.168,1.863
2024-04-01 6:10:00+07:00,3.41,2.25,1.496,3.098,2.086,2.223,2.418,2.305
2024-04-01 6:20:00+07:00,3.113,1.426,1.938,2.141,1.734,1.875,2.16,1.961
2024-04-01 6:30:00+07:00,2.586,2.063,1.676,1.813,1.828,1.875,1.82,1.855
2024-04-01 6:40:00+07:00,2.594,2.273,2.09,1.98,2.023,2.027,2,1.969
2024-04-01 6:50:00+07:00,3.023,2.328,2.832,2.625,2.863,2.684,2.605,2.625
2024-04-01 7:00:00+07:00,2.918,1.734,2.434,2.602,2.844,2.766,2.637,2.934
2024-04-01 7:10:00+07:00,2.898,1.551,2.398,2.211,2.551,2.777,2.629,2.68
2024-04-01 7:20:00+07:00,3.199,2.457,2.98,3.219,2.648,2.965,2.949,2.883
2024-04-01 7:30:00+07:00,3.27,3.215,3.391,3.184,3.012,2.965,3.387,3.309
2024-04-01 7:40:00+07:00,3.344,2.543,3.125,2.813,2.93,3.496,3.254,3.727
2024-04-01 7:50:00+07:00,3.387,2.668,3.02,2.797,3.332,3.559,3.617,3.559
2024-04-01 8:00:00+07:00,3.277,2.617,3.348,2.922,3.328,3.273,3.066,3.512
2024-04-01 8:10:00+07:00,3.254,2.719,2.602,2.77,3.418,3.332,3.082,3.125
2024-04-01 8:20:00+07:00,3.266,2.453,3.141,2.875,3.414,3.309,2.84,2.945
2024-04-01 8:30:00+07:00,2.77,2.012,2.621,2.383,2.984,3.113,3.055,3.332
2024-04-01 8:40:00+07:00,2.141,2.285,2.016,1.895,2.047,2.012,1.914,2.438
2024-04-01 8:50:00+07:00,2.145,2.051,1.98,1.918,2.074,2.254,2.133,2.191
2024-04-01 9:00:00+07:00,2.457,2.164,2.504,2.063,2.547,2.559,2.672,2.527
2024-04-01 9:10:00+07:00,2.496,2.309,2.676,2.484,2.453,2.32,2.234,2.727
2024-04-01 9:20:00+07:00,2.813,2.605,2.813,2.82,2.996,2.859,2.703,2.355
2024-04-01 9:30:00+07:00,3.395,2.699,3.023,2.641,2.973,2.633,3.035,2.785
2024-04-01 9:40:00+07:00,2.988,2.301,2.715,2.184,2.355,2.191,2.84,3.277
2024-04-01 9:50:00+07:00,3.398,2.328,2.691,2.527,2.59,2.781,2.738,2.863
2024-04-01 10:00:00+07:00,3.242,2.715,2.953,2.656,2.723,3,2.434,3.102
2024-04-01 10:10:00+07:00,3.191,2.434,2.891,2.781,3.098,3.074,2.91,3.547
2024-04-01 10:20:00+07:00,3.582,2.465,2.848,2.543,2.934,2.891,3.063,3.395
2024-04-01 10:30:00+07:00,3.289,2.379,3.043,2.402,2.707,3.305,2.836,3.402
2024-04-01 10:40:00+07:00,3.945,3.094,3,2.656,2.402,2.902,3.203,3.27
2024-04-01 10:50:00+07:00,3.996,2.574,3.5,3.719,3.906,3.898,3.461,3.543
2024-04-01 11:00:00+07:00,3.875,2.379,3.313,3.313,4.199,3.711,3.512,4.023
2024-04-01 11:10:00+07:00,3.836,3.254,3.457,3.426,3.281,3.367,3.23,3.402
2024-04-01 11:20:00+07:00,4.082,3.039,3.203,3.074,3.652,3.527,3.395,3.352
2024-04-01 11:30:00+07:00,3.938,3.68,3.766,3.762,4.02,3.93,3.699,3.504
2024-04-01 11:40:00+07:00,3.465,3.227,3.012,3.137,2.953,3.523,3.422,3.68
2024-04-01 11:50:00+07:00,3.789,2.992,3.41,2.898,3.355,3.434,3.723,3.969
2024-04-01 12:00:00+07:00,3.426,2.754,2.938,3.07,3.371,3.367,2.664,2.793
2024-04-01 12:10:00+07:00,3.387,3.074,2.879,3.234,3.398,3.281,3.84,3.25
2024-04-01 12:20:00+07:00,3.035,2.848,2.871,3.102,3.309,3.262,3.25,3.59
2024-04-01 12:30:00+07:00,3.758,3.148,2.777,2.609,2.906,2.926,2.77,3.336
2024-04-01 12:40:00+07:00,4.012,3.207,3.32,3.863,3.594,3.043,3.09,3.281
2024-04-01 12:50:00+07:00,4.145,3.371,2.867,3.742,3.609,4.078,3.617,3.73
2024-04-01 13:00:00+07:00,3.898,3.551,3.422,3.684,3.5,3.125,3.238,3.035
2024-04-01 13:10:00+07:00,3.828,3.539,3.609,4.219,3.941,3.563,3.969,3.645
2024-04-01 13:20:00+07:00,4.59,3.418,3.367,3.723,3.555,3.664,3.816,3.727
2024-04-01 13:30:00+07:00,4.418,3.801,3.582,3.344,3.176,3.434,2.965,3.344
2024-04-01 13:40:00+07:00,3.875,3.402,3.457,3.898,3.707,3.816,3.949,3.789
2024-04-01 13:50:00+07:00,4.445,3.492,3.391,3.305,3,3.27,3.398,3.141
2024-04-01 14:00:00+07:00,4.383,3.836,3.648,3.551,3.449,3.43,3.535,3.801
2024-04-01 14:10:00+07:00,4.41,4.418,3.504,3.656,3.688,3.867,3.852,3.906
2024-04-01 14:20:00+07:00,4.797,4.48,4.176,4.582,4.277,4.496,5.078,4.309
2024-04-01 14:30:00+07:00,4.316,3.941,3.426,3.695,4.207,4.43,4.543,4.047
2024-04-01 14:40:00+07:00,4.586,4.313,4.109,4.434,4.297,4.293,4.926,4.793
2024-04-01 14:50:00+07:00,4.68,4.387,4.098,3.906,3.633,3.895,4.527,4.48
2024-04-01 15:00:00+07:00,5.133,4.516,3.742,4.277,4.184,4.039,4.301,4.242
2024-04-01 15:10:00+07:00,5.086,4.391,3.824,4.59,4.094,4.012,4.121,4.273
2024-04-01 15:20:00+07:00,5.313,3.695,3.617,4.266,3.805,3.797,3.941,3.816
2024-04-01 15:30:00+07:00,4.883,4.23,3.898,4.109,3.891,3.871,3.684,4.066
2024-04-01 15:40:00+07:00,4.844,4.234,4.016,4.875,4.879,4.547,4.84,4.73
2024-04-01 15:50:00+07:00,5.637,4.172,3.516,4.863,4.867,4.676,5.113,4.895
2024-04-01 16:00:00+07:00,4.887,3.488,3.652,4.043,3.809,3.902,4.098,4.258
2024-04-01 16:10:00+07:00,4.848,3.406,3.238,3.875,3.621,4.125,3.926,4.074
2024-04-01 16:20:00+07:00,5.059,4.734,4.273,4.367,3.949,3.914,4.16,4.168
2024-04-01 16:30:00+07:00,5.152,4.805,3.863,4.965,3.98,3.867,4.352,4.332
2024-04-01 16:40:00+07:00,5.625,2.898,3.332,3.895,3.926,3.918,4.152,3.965
2024-04-01 16:50:00+07:00,5.504,3.793,3.141,3.926,3.934,3.984,3.789,3.914
2024-04-01 17:00:00+07:00,5.367,3.934,3.965,4.059,4.16,3.809,3.734,4.168
2024-04-01 17:10:00+07:00,5.691,3.457,3.691,4.434,4.219,4.242,4.48,4.613
2024-04-01 17:20:00+07:00,5.754,3.465,3.262,3.973,4.082,4.027,3.887,3.836
2024-04-01 17:30:00+07:00,6.055,3.199,4.531,3.371,4.641,4.332,4.336,5.168
2024-04-01 17:40:00+07:00,6.137,3.344,4.094,3.547,4.551,4.223,3.988,4.559
2024-04-01 17:50:00+07:00,5.262,2.816,3.531,4.121,3.691,3.746,3.777,4.047
2024-04-01 18:00:00+07:00,5.387,3.176,3.641,3.68,3.582,3.402,3.301,3.602
2024-04-01 18:10:00+07:00,5.004,3.133,4.031,3.922,4.066,4.031,4.348,4.785
2024-04-01 18:20:00+07:00,5.719,3.051,3.352,3.863,3.93,3.902,3.559,3.645
2024-04-01 18:30:00+07:00,4.293,2.723,2.293,3.152,2.934,2.977,2.852,3.148
2024-04-01 18:40:00+07:00,4.625,2.859,2.652,3.473,3.078,3.164,2.516,2.754
2024-04-01 18:50:00+07:00,3.918,2.383,2.254,3.125,2.387,2.551,3.27,2.93
2024-04-01 19:00:00+07:00,4.379,2.473,2.754,3.23,3.004,3.168,2.527,3.051
2024-04-01 19:10:00+07:00,4.066,2.242,2.441,2.895,2.859,2.965,3.004,2.988
2024-04-01 19:20:00+07:00,4.246,1.969,3.387,3.012,3.332,3.098,3.184,3.574
2024-04-01 19:30:00+07:00,4.949,2.516,3.047,2.715,3.363,3.004,2.68,3.125
2024-04-01 19:40:00+07:00,5.02,3.027,2.762,3.855,2.777,3.5,3.508,3.211
2024-04-01 19:50:00+07:00,4.836,4.18,3.441,4.48,3.918,4.047,4.879,4.352
2024-04-01 20:00:00+07:00,4.949,4.43,2.871,4.355,3.297,3.547,4.617,4.117
2024-04-01 20:10:00+07:00,4.316,4.762,3.816,4.523,4.293,4.746,5.008,4.508
2024-04-01 20:20:00+07:00,4.613,4.57,4.535,5.012,4.934,4.508,4.168,4.199
2024-04-01 20:30:00+07:00,4.676,4.711,4.348,4.57,4.219,4.266,4.629,4.758
2024-04-01 20:40:00+07:00,5.207,4.871,4.156,4.504,4.039,3.332,4.586,4.918
2024-04-01 20:50:00+07:00,5.18,4.719,4.188,4.672,4.613,4.266,3.855,4.207
2024-04-01 21:00:00+07:00,4.91,4.367,4.188,4.73,4.625,4.059,4.234,4.391
2024-04-01 21:10:00+07:00,4.457,4.449,4.332,4.395,4.184,4.113,4.445,4.484
2024-04-01 21:20:00+07:00,4.305,4.219,4.172,4.367,4.34,4.438,4.195,3.957
2024-04-01 21:30:00+07:00,4.625,4.324,4.461,4.715,4.305,4.289,4.266,4.254
2024-04-01 21:40:00+07:00,4.367,4.301,4.563,4.563,4.285,3.887,4.574,4.301
2024-04-01 21:50:00+07:00,4.633,4.668,4.969,4.445,4.438,4.426,4.758,4.934
2024-04-01 22:00:00+07:00,4.633,4.879,4.766,5.008,4.891,4.793,4.813,4.457
2024-04-01 22:10:00+07:00,5.316,5.086,3.91,5.32,4.652,4.758,5.297,4.445
2024-04-01 22:20:00+07:00,5.563,5.105,4.098,5.516,4.543,4.398,4.953,4.383
2024-04-01 22:30:00+07:00,6.313,6.238,4.863,5.945,5.191,5.367,5.742,5.391
2024-04-01 22:40:00+07:00,6.324,5.988,5.551,5.633,5.336,5.547,5.539,5.313
2024-04-01 22:50:00+07:00,5.57,5.512,5.359,5.117,4.953,5.266,5.086,4.766
2024-04-01 23:00:00+07:00,5.219,5.191,4.813,4.93,4.793,5.215,5.332,5.238
2024-04-01 23:10:00+07:00,6,5.379,4.754,5.23,4.699,4.672,4.5,4.516
2024-04-01 23:20:00+07:00,5.449,5.141,4.043,4.938,4.164,4.164,4.453,3.09
2024-04-01 23:30:00+07:00,4.973,4.867,4.203,4.57,4.328,4.02,4.41,3.852
2024-04-01 23:40:00+07:00,4.883,4.832,4.727,4.582,4.363,4.477,4.773,4.605
2024-04-01 23:50:00+07:00,5.246,5.414,4.094,5.277,4.477,4.465,4.617,4.738
2024-04-02 0:00:00+07:00,5.363,5.219,3.512,5.344,4.219,3.898,4.609,3.781
2024-04-02 0:10:00+07:00,5.195,5.066,3.395,5.156,3.453,3.332,4.336,3.461
2024-04-02 0:20:00+07:00,5.137,5.301,4.055,5.148,4.555,4.441,4.797,4.07
2024-04-02 0:30:00+07:00,5.43,5.043,4.258,4.832,4.637,4.68,4.758,4.805
2024-04-02 0:40:00+07:00,5.047,4.68,3.156,4.621,3.625,3.629,4.164,3.207
2024-04-02 0:50:00+07:00,4.395,3.723,2.77,4.66,3.379,3.516,4.441,3.5
2024-04-02 1:00:00+07:00,4.5,4.273,3.418,5.191,4.027,4.195,4.746,3.766
2024-04-02 1:10:00+07:00,4.613,4.504,3.281,5.199,3.848,3.867,4.594,3.746
2024-04-02 1:20:00+07:00,5.273,5.445,3.574,6.098,4.129,4.109,5.164,3.965
2024-04-02 1:30:00+07:00,5.043,4.754,3.16,5.609,3.965,4.422,5.598,4.426
2024-04-02 1:40:00+07:00,5.012,4.473,3.141,5.215,3.453,3.672,4.875,3.527
2024-04-02 1:50:00+07:00,4.617,4.301,3.039,5.039,3.559,3.809,4.297,3.582
2024-04-02 2:00:00+07:00,4.379,3.645,2.617,4.391,3.262,3.5,4.703,3.66
2024-04-02 2:10:00+07:00,4.309,4.063,3.078,4.996,4.156,4.309,5.414,4.43
2024-04-02 2:20:00+07:00,4.898,4.984,3.824,5.641,4.672,5.203,6.129,5.23
2024-04-02 2:30:00+07:00,6.121,6.066,4.473,6.117,5.363,5.504,6.055,4.938
2024-04-02 2:40:00+07:00,6.254,6.266,3.961,6.082,4.406,4.602,5.5,4.363
2024-04-02 2:50:00+07:00,5.875,5.988,3.695,6.379,4.258,4.273,5.32,4.199
2024-04-02 3:00:00+07:00,5.012,4.477,3.191,5.875,3.93,4.145,5.438,4.047
2024-04-02 3:10:00+07:00,5.344,3.777,2.91,4.559,3.469,3.891,4.855,3.664
2024-04-02 3:20:00+07:00,5.832,3.418,2.043,3.742,2.801,3.074,3.789,3.492
2024-04-02 3:30:00+07:00,5.805,3.039,2.813,3.949,3.281,3.078,3.418,3.223
2024-04-02 3:40:00+07:00,5.855,3.137,2.477,4.164,3.148,3.371,3.566,3.383
2024-04-02 3:50:00+07:00,5.836,2.855,2.297,4.082,2.867,3.117,3.555,3.539
2024-04-02 4:00:00+07:00,5.996,3.352,2.914,3.98,3.781,4.016,4.289,3.789
2024-04-02 4:10:00+07:00,6.5,3.344,3.324,4.484,3.617,3.945,4.301,4.16
2024-04-02 4:20:00+07:00,5.977,4.656,3.75,5.203,4.008,4.344,4.926,4.578
2024-04-02 4:30:00+07:00,5.035,3.984,3.23,4.895,3.313,3.395,4.43,3.836
2024-04-02 4:40:00+07:00,6.012,3.168,1.922,3.445,2.91,2.586,3.215,3.34
2024-04-02 4:50:00+07:00,5.848,3.617,2.402,4.281,2.879,3.137,3.59,2.977
2024-04-02 5:00:00+07:00,5.926,3.258,2.316,3.477,2.781,2.75,3.254,3.016
2024-04-02 5:10:00+07:00,5.383,2.586,2.043,2.809,2.793,2.418,2.48,2.875
2024-04-02 5:20:00+07:00,4.508,2.098,3.039,2.699,3.16,2.602,2.527,3.16
2024-04-02 5:30:00+07:00,4.176,1.738,3.613,2.441,3.582,2.859,2.645,3.227
2024-04-02 5:40:00+07:00,3.586,1.719,2.07,1.574,2.504,2.523,2.418,3.199
2024-04-02 5:50:00+07:00,3.801,1.266,1.809,2.43,2.746,2.348,2.207,2.223
2024-04-02 6:00:00+07:00,3.625,1.531,1.938,2.141,2.629,2.586,2.504,2.828
2024-04-02 6:10:00+07:00,4.23,1.715,3.195,2.445,2.984,3.109,2.41,3.078
2024-04-02 6:20:00+07:00,4.324,2.008,3.234,1.906,3.328,2.793,2.648,3.23
2024-04-02 6:30:00+07:00,4.23,2.004,2.02,2.086,2.852,2.035,2.094,2.68
2024-04-02 6:40:00+07:00,4.188,1.785,1.996,2.27,2.789,1.875,2.348,2.754
2024-04-02 6:50:00+07:00,3.918,1.879,2.262,2.398,1.895,2.473,2.73,3.078
2024-04-02 7:00:00+07:00,3.816,1.914,2.316,2.48,2.199,2.504,2.242,2.117
2024-04-02 7:10:00+07:00,3.691,1.645,2.113,2.195,2.586,2.387,2.184,2.617
2024-04-02 7:20:00+07:00,3.633,1.719,2.176,2.406,2.82,2.762,2.438,2.637
2024-04-02 7:30:00+07:00,3.328,2.477,3.23,2.656,3.316,2.973,2.98,2.75
2024-04-02 7:40:00+07:00,3.297,2.285,2.961,2.531,2.863,2.676,2.859,3.27
2024-04-02 7:50:00+07:00,3.594,1.906,3.313,2.863,3.379,3.152,3.371,3.523
2024-04-02 8:00:00+07:00,3.785,1.605,3.074,1.68,3.191,3.023,2.547,2.969
2024-04-02 8:10:00+07:00,3.801,2.094,3.16,2.527,3.141,2.188,2.738,3.465
2024-04-02 8:20:00+07:00,4.012,2.828,3.324,2.891,3.77,3.539,3.051,3.242
2024-04-02 8:30:00+07:00,4.238,3.449,3.273,3.707,3.281,3.461,2.961,3.258
2024-04-02 8:40:00+07:00,4.211,3.527,2.789,3.203,3.555,3.367,3.582,3.145
2024-04-02 8:50:00+07:00,3.934,3.18,3.047,3.207,3.383,3.379,2.969,3.066
2024-04-02 9:00:00+07:00,3.766,2.672,2.961,3.059,3.156,3.316,3.402,3.09
2024-04-02 9:10:00+07:00,3.688,2.422,2.652,2.75,2.945,3.43,3.258,3.23
2024-04-02 9:20:00+07:00,4.023,2.715,2.926,2.98,2.734,2.668,3.254,3.328
2024-04-02 9:30:00+07:00,3.594,1.996,2.785,2.805,2.746,2.676,3.016,3.32
2024-04-02 9:40:00+07:00,4.453,2.906,3.527,2.832,3.316,3.391,3.504,3.996
2024-04-02 9:50:00+07:00,4.059,2.516,2.996,2.898,2.852,3.359,3.152,3.555
2024-04-02 10:00:00+07:00,4.039,2.574,3.199,2.688,3.34,3.594,3.785,3.621
2024-04-02 10:10:00+07:00,4.234,2.867,3.324,2.711,4.105,4.281,4.266,4.398
2024-04-02 10:20:00+07:00,4.426,2.633,4.027,2.977,4.324,3.922,3.641,4.27
2024-04-02 10:30:00+07:00,4.52,2.855,3.902,2.148,3.559,3.266,3.262,3.539
2024-04-02 10:40:00+07:00,4.375,3.07,3.422,2.926,3.664,3.711,3.402,3.563
2024-04-02 10:50:00+07:00,4.289,3.066,3.992,3.09,4.102,3.898,4.238,4.418
2024-04-02 11:00:00+07:00,4.473,3.098,3.449,3.227,4.031,4.148,4.488,4.445
2024-04-02 11:10:00+07:00,4.371,3.363,3.348,3.746,3.719,3.867,4.34,4.828
2024-04-02 11:20:00+07:00,4.492,3.758,3.758,3.824,4.164,4.203,3.961,4.41
2024-04-02 11:30:00+07:00,5.262,3.617,3.391,3.492,3.613,3.566,3.52,3.977
2024-04-02 11:40:00+07:00,5.336,4.285,4.555,4.297,4.469,3.996,4.336,4.469
2024-04-02 11:50:00+07:00,5.297,3.063,4.156,3.566,4.266,3.629,3.777,4.18
2024-04-02 12:00:00+07:00,5.371,3.844,5.23,4.246,5.168,4.98,4.945,4.645
2024-04-02 12:10:00+07:00,5.238,4.277,5.211,4.98,5.617,5.293,5.023,5.574
2024-04-02 12:20:00+07:00,5.254,4.707,4.813,4.953,5.254,4.863,4.84,5.219
2024-04-02 12:30:00+07:00,5.063,4.422,4.883,4.746,5.094,5.059,5.277,5.555
2024-04-02 12:40:00+07:00,5.129,4.754,5.043,5.094,5.176,5.098,5.453,5.266
2024-04-02 12:50:00+07:00,4.824,4.227,4.734,4.699,4.773,4.703,4.586,4.914
2024-04-02 13:00:00+07:00,5.039,4.715,4.523,4.77,4.848,4.488,4.648,5.113
2024-04-02 13:10:00+07:00,4.828,4.578,4.914,4.516,4.805,4.914,4.727,5.281
2024-04-02 13:20:00+07:00,4.918,4.609,4.762,4.703,5.137,4.699,4.773,5.113
2024-04-02 13:30:00+07:00,5.215,4.07,4.418,4.484,4.703,4.828,4.914,4.898
2024-04-02 13:40:00+07:00,5.492,4.676,5.242,5.008,5.223,4.883,5.586,5.441
2024-04-02 13:50:00+07:00,5.82,4.023,4.375,4.777,5.227,5.117,5.336,5.504
2024-04-02 14:00:00+07:00,5.777,4.949,5.355,4.941,5.09,4.898,4.766,5.043
2024-04-02 14:10:00+07:00,5.121,4.352,4.652,4.695,5.074,4.473,4.266,4.695
2024-04-02 14:20:00+07:00,4.488,4.223,4.133,4.207,4.563,4.441,4.289,4.285
2024-04-02 14:30:00+07:00,4.949,3.574,4.594,4.012,4.781,4.617,4.66,5.098
2024-04-02 14:40:00+07:00,5.32,4.156,4.371,4.438,4.438,4.645,4.977,5.434
2024-04-02 14:50:00+07:00,5.313,4.867,5.215,5.105,5.25,4.895,5.063,5.406
2024-04-02 15:00:00+07:00,5.332,5.172,5.141,4.711,4.785,4.738,4.348,5.105
2024-04-02 15:10:00+07:00,4.777,4.707,5.043,4.664,4.867,4.734,4.969,5.059
2024-04-02 15:20:00+07:00,5.164,4.355,4.266,4.219,4.652,4.629,4.734,4.902
2024-04-02 15:30:00+07:00,5.094,4.488,4.617,4.465,4.754,4.734,4.16,5.172
2024-04-02 15:40:00+07:00,5.074,3.762,4.402,4.383,4.801,4.563,4.691,5.109
2024-04-02 15:50:00+07:00,4.77,4.16,4.453,4.559,4.824,4.578,4.793,4.801
2024-04-02 16:00:00+07:00,4.809,4.707,4.77,4.488,4.859,4.777,4.805,4.934
2024-04-02 16:10:00+07:00,5.387,5.262,4.914,4.953,5.164,5.23,5.488,5.352
2024-04-02 16:20:00+07:00,5.133,4.637,4.918,5.078,5.117,4.863,4.977,5.32
2024-04-02 16:30:00+07:00,5.258,5.113,4.996,4.723,5.008,4.738,5.152,5.391
2024-04-02 16:40:00+07:00,5.469,4.34,4.938,4.316,4.891,4.914,5.113,5.363
2024-04-02 16:50:00+07:00,4.844,3.676,4.344,3.207,4.488,4.629,4.859,4.797
2024-04-02 17:00:00+07:00,4.73,4.148,4.789,3.949,4.582,4.258,3.82,4.074
2024-04-02 17:10:00+07:00,5.113,4.293,4.906,4.605,5.188,4.898,5.352,5.527
2024-04-02 17:20:00+07:00,5.117,4.309,4.855,4.441,5.188,4.645,4.766,4.98
2024-04-02 17:30:00+07:00,4.789,3.531,4.602,4.176,5.012,4.664,4.672,5.574
2024-04-02 17:40:00+07:00,4.93,3.258,4.605,3.797,5.043,4.664,4.184,4.828
2024-04-02 17:50:00+07:00,4.477,2.121,3.129,2.676,3.406,3.332,2.789,3.039
2024-04-02 18:00:00+07:00,3.746,2.223,2.754,2.715,2.719,2.434,2.613,3.195
2024-04-02 18:10:00+07:00,3.418,1.676,2.977,3.008,3.059,2.887,2.836,2.293
2024-04-02 18:20:00+07:00,3.348,1.574,2.297,2.176,2.629,2.242,2.016,2.148
2024-04-02 18:30:00+07:00,3.379,1.602,2.258,2.375,2.645,2.777,2.734,2.789
2024-04-02 18:40:00+07:00,3.578,2.035,3.313,2.316,3.285,3.414,2.855,3.473
2024-04-02 18:50:00+07:00,3.613,1.906,3.352,1.973,3.371,2.609,2.137,3.457
2024-04-02 19:00:00+07:00,3.801,2.016,2.586,1.738,3.074,2.77,2.773,3.461
2024-04-02 19:10:00+07:00,4.336,2.719,4.125,2.957,4.152,3.98,4.258,4.496
2024-04-02 19:20:00+07:00,3.902,2.281,4.063,2.836,4.367,4.273,4.051,4.133
2024-04-02 19:30:00+07:00,4.465,3.313,4.512,3.066,4.543,4.5,4.203,4.574
2024-04-02 19:40:00+07:00,5.293,5.102,5.105,5.148,5.152,4.926,4.945,4.809
2024-04-02 19:50:00+07:00,4.547,4.574,4.266,3.992,4.434,4.527,4.941,5.301
2024-04-02 20:00:00+07:00,4.113,3.383,4.277,4.184,4.5,4.695,4.738,4.77
2024-04-02 20:10:00+07:00,4.504,3.34,4.035,3.457,4.117,4.496,4.473,4.793
2024-04-02 20:20:00+07:00,5.035,4.621,4.91,4.313,4.426,4.18,4.352,4.578
2024-04-02 20:30:00+07:00,5.199,5.148,4.82,4.707,4.527,4.336,4.465,4.715
2024-04-02 20:40:00+07:00,5.059,4.625,4.938,4.625,4.66,4.496,4.434,4.723
2024-04-02 20:50:00+07:00,4.496,3.91,4.742,4.605,4.641,4.504,4.637,5.203
2024-04-02 21:00:00+07:00,4.922,4.578,4.582,4.328,4.352,4.25,4.441,4.699
2024-04-02 21:10:00+07:00,4.625,4.051,3.879,3.543,4.035,3.496,4.188,4.777
2024-04-02 21:20:00+07:00,4.598,3.633,4.238,3.328,3.641,3.273,3.539,4
2024-04-02 21:30:00+07:00,4.27,2.887,4.332,2.922,4.176,3.832,3.395,3.605
2024-04-02 21:40:00+07:00,4.191,3.906,4.555,3.488,4.195,4.035,3.648,3.711
2024-04-02 21:50:00+07:00,3.91,2.66,4.254,3.59,4.273,4.09,3.867,3.328
2024-04-02 22:00:00+07:00,3.66,2.496,3.875,2.813,4.219,3.965,3.324,3.34
2024-04-02 22:10:00+07:00,3.773,2.711,4.133,3.32,4.473,4.527,4.379,4.051
2024-04-02 22:20:00+07:00,4.121,2.883,4.215,3.242,4.465,4.461,4.41,4.309
2024-04-02 22:30:00+07:00,3.484,2.258,3.645,2.496,4.059,4.121,3.961,4.121
2024-04-02 22:40:00+07:00,3.793,1.785,3.27,1.695,3.891,3.902,3.578,4.117
2024-04-02 22:50:00+07:00,3.746,1.781,3.398,1.641,3.441,3.539,3.32,3.848
2024-04-02 23:00:00+07:00,3.27,1.758,3.102,1.941,3.035,2.703,2.59,3.238
2024-04-02 23:10:00+07:00,3.34,2.277,3.102,1.422,3.094,2.949,2.902,3.434
2024-04-02 23:20:00+07:00,3.406,1.844,2.746,1.332,3.215,2.863,2.535,3.16
2024-04-02 23:30:00+07:00,3.141,2.004,2.66,1.336,3.105,3.09,2.164,2.867
2024-04-02 23:40:00+07:00,3.301,2.121,2.355,2.215,2.379,2.051,2.168,2.449
2024-04-02 23:50:00+07:00,3.938,1.672,2.121,2.676,2.645,2.723,2.426,2.867
2024-04-03 0:00:00+07:00,4.293,2.066,1.66,2.453,2.094,2.418,1.738,2.27
2024-04-03 0:10:00+07:00,4.531,2.102,2.309,2.527,2.602,2.574,2.402,2.648
2024-04-03 0:20:00+07:00,4.309,1.984,2.426,2.281,2.449,2.648,2.352,2.563
2024-04-03 0:30:00+07:00,4.258,2.352,3.047,1.684,3.457,3.645,2.691,3.93
2024-04-03 0:40:00+07:00,4.277,2.02,3.305,1.797,3.352,2.586,1.465,2.957
2024-04-03 0:50:00+07:00,4.137,2.441,3.48,1.863,3.445,3.5,3.23,3.691
2024-04-03 1:00:00+07:00,3.988,3.238,3.781,3.063,4.223,4.313,4.098,4.336
2024-04-03 1:10:00+07:00,4.969,3.566,4.664,4.121,4.48,4.324,4.332,4.617
2024-04-03 1:20:00+07:00,4.523,2.34,4.781,2.816,5.047,5.109,4.965,5
2024-04-03 1:30:00+07:00,4.934,3.09,4.906,3.242,5.109,5.395,5.527,5.922
2024-04-03 1:40:00+07:00,5.059,3.145,5.129,3.461,5.656,5.945,5.836,6.063
2024-04-03 1:50:00+07:00,5.535,3.734,5.891,4.375,5.961,5.883,5.859,5.984
2024-04-03 2:00:00+07:00,5.66,3.504,5.715,4.105,5.914,5.852,5.789,5.875
2024-04-03 2:10:00+07:00,5.305,3.023,4.785,2.613,5.262,5.145,4.152,5.652
2024-04-03 2:20:00+07:00,5.07,3.098,4.547,2.906,5.379,5.406,5.023,5.984
2024-04-03 2:30:00+07:00,4.684,2.93,4.324,2.703,4.367,4.602,4.281,5.055
2024-04-03 2:40:00+07:00,4.738,3.066,4.648,3.758,5.273,5.375,5.191,5.363
2024-04-03 2:50:00+07:00,4.59,3.145,4.461,2.953,4.715,4.941,5.129,4.906
2024-04-03 3:00:00+07:00,4.578,2.859,4.488,2.93,5.52,5.531,5.328,5.09
2024-04-03 3:10:00+07:00,4.641,2.434,4.102,2.699,4.621,5.105,4.59,5.297
2024-04-03 3:20:00+07:00,4.914,3.203,4.43,2.836,4.98,5.066,4.617,5.422
2024-04-03 3:30:00+07:00,4.508,3.297,4.754,3.25,4.723,4.672,4.211,4.617
2024-04-03 3:40:00+07:00,4.5,3.57,4.625,3.875,4.941,4.883,4.828,4.98
2024-04-03 3:50:00+07:00,4.09,2.828,4.414,3.707,4.797,4.648,4.66,4.613
2024-04-03 4:00:00+07:00,4.484,3.574,4.453,4.184,4.418,4.191,4.422,4.355
2024-04-03 4:10:00+07:00,4.629,4.488,4.371,4.043,4.145,4.113,4.445,4.57
2024-04-03 4:20:00+07:00,4.117,3.895,4.125,4.477,4.844,4.836,4.711,4.477
2024-04-03 4:30:00+07:00,4.301,4.008,4.18,4.355,4.754,4.949,4.91,4.848
2024-04-03 4:40:00+07:00,4.996,4.555,4.555,4.234,4.508,4.434,4.617,4.703
2024-04-03 4:50:00+07:00,4.957,4.426,4.953,4.574,4.641,4.465,4.43,4.633
2024-04-03 5:00:00+07:00,5.141,4.008,5.031,4.332,4.879,4.586,4.492,4.602
2024-04-03 5:10:00+07:00,5.684,5.227,5.527,5.012,5.316,5.242,5.266,4.977
2024-04-03 5:20:00+07:00,5.289,4.375,4.883,4.563,4.777,4.797,4.98,4.887
2024-04-03 5:30:00+07:00,4.797,4.613,4.387,4.309,4.367,4.145,4.32,4.633
2024-04-03 5:40:00+07:00,4.551,4.16,4.238,4.035,4.059,3.875,4.105,4.223
2024-04-03 5:50:00+07:00,4.348,3.785,4.09,3.797,4.086,3.852,4.113,4.199
2024-04-03 6:00:00+07:00,4.277,3.848,4.238,4.207,4.406,4.332,4.363,4.52
2024-04-03 6:10:00+07:00,4.785,4.227,4.449,4.227,4.508,4.328,4.461,4.781
2024-04-03 6:20:00+07:00,4.895,4.676,4.305,4.254,4.422,4.223,4.445,4.703
2024-04-03 6:30:00+07:00,4.973,4.465,4.414,4.301,4.398,4.277,4.723,5.004
2024-04-03 6:40:00+07:00,4.895,4.352,4.438,4.301,4.398,4.621,4.68,4.703
2024-04-03 6:50:00+07:00,4.738,4.273,4.109,4.203,4.285,4.527,4.707,4.535
2024-04-03 7:00:00+07:00,4.238,4.195,4.254,4.219,4.512,4.602,4.695,4.797
2024-04-03 7:10:00+07:00,4.168,3.816,3.926,4.105,3.695,3.867,4.391,4.414
2024-04-03 7:20:00+07:00,3.84,3.047,3.332,3.035,2.984,2.973,3.402,3.934
2024-04-03 7:30:00+07:00,3.469,2.711,3.414,2.773,2.945,3.535,3.566,3.633
2024-04-03 7:40:00+07:00,4.48,4.422,4.344,3.977,3.465,3.223,3.984,4.148
2024-04-03 7:50:00+07:00,3.918,2.973,3.336,3.602,3.855,3.801,4.008,4.48
2024-04-03 8:00:00+07:00,3.883,3.605,4.047,3.727,3.977,3.543,3.18,3.441
2024-04-03 8:10:00+07:00,4.113,4.406,4.543,4.559,3.891,4.004,4.168,3.93
2024-04-03 8:20:00+07:00,3.945,3.859,4.172,4.16,4.078,4.086,3.852,3.715
2024-04-03 8:30:00+07:00,3.723,3.387,3.883,4.551,4.418,4.133,3.961,4.074
2024-04-03 8:40:00+07:00,3.809,3.398,4.117,4.277,3.77,4.16,3.434,3.641
2024-04-03 8:50:00+07:00,4.57,4.008,3.988,4.055,3.887,3.898,4.332,3.711
2024-04-03 9:00:00+07:00,3.84,3.883,4.004,4.066,3.922,3.344,3.398,4.117
2024-04-03 9:10:00+07:00,3.965,4.027,3.355,3.887,3.934,3.246,3.582,3.438
2024-04-03 9:20:00+07:00,3.648,3.395,3.977,3.836,3.652,3.641,3.816,4.141
2024-04-03 9:30:00+07:00,4.098,3.895,3.992,4.41,4.465,4.285,3.965,4.441
2024-04-03 9:40:00+07:00,3.949,3.914,3.797,3.871,4.094,3.984,3.98,3.891
2024-04-03 9:50:00+07:00,4.172,3.855,3.84,4.047,3.887,3.102,3.031,3.469
2024-04-03 10:00:00+07:00,4.383,4.363,4.098,4.102,4.379,4.234,3.617,4.066
2024-04-03 10:10:00+07:00,4.484,3.992,4.297,4.027,4.387,4.402,4.059,4.621
2024-04-03 10:20:00+07:00,4.051,3.98,3.824,4.215,4.098,4.621,4.285,4.391
2024-04-03 10:30:00+07:00,4.234,4.516,4.488,4.352,4.004,4.727,4.449,4.402
2024-04-03 10:40:00+07:00,4.426,4.402,4.313,4.348,4.238,4.285,4.621,3.98
2024-04-03 10:50:00+07:00,4.766,4.531,4.449,4.629,4.332,4.574,4.145,3.816
2024-04-03 11:00:00+07:00,4.875,4.535,4.762,5.461,5.191,4.789,4.875,4.926
2024-04-03 11:10:00+07:00,                               ,4.555,4.227,4.656,4.953,4.594,4.773,4.828
2024-04-03 11:20:00+07:00,                               ,3.629,4.48,4.641,4.676,4.871,4.875,4.617
2024-04-03 11:30:00+07:00,                               ,3.762,3.969,4.164,4.543,4.035,4.691,4.594
2024-04-03 11:40:00+07:00,4.051,3.871,3.66,3.656,4.25,4.074,3.68,4.016
2024-04-03 11:50:00+07:00,3.98,3.926,3.375,3.883,3.652,3.887,4.277,4.246
2024-04-03 12:00:00+07:00,4.027,                               ,3.656,3.246,3.348,3.773,4.191,4.207
2024-04-03 12:10:00+07:00,4.121,                               ,3.969,3.98,4.168,3.949,3.574,4.324
2024-04-03 12:20:00+07:00,4.012,                               ,3.445,3.43,3.309,3.934,3.996,4.133
2024-04-03 12:30:00+07:00,4.387,3.969,3.605,3.398,3.84,3.746,3.879,3.855
2024-04-03 12:40:00+07:00,4.309,3.777,3.723,3.813,4.043,3.766,3.77,3.891
2024-04-03 12:50:00+07:00,4.176,3.867,                               ,3.816,3.828,3.648,4.324,4.477
2024-04-03 13:00:00+07:00,4.551,4.09,                               ,4.332,4.23,3.949,4.203,4.398
2024-04-03 13:10:00+07:00,4.535,4.328,3.887,4.238,3.75,3.746,4.047,4.203
2024-04-03 13:20:00+07:00,4.559,3.668,3.777,                               ,4.332,4.301,3.871,4.328
2024-04-03 13:30:00+07:00,4.402,3.203,3.656,                               ,4.574,4.316,4.059,4.492
2024-04-03 13:40:00+07:00,5.02,3.922,4.402,                               ,4.168,3.93,4.277,4.93
2024-04-03 13:50:00+07:00,4.578,3.66,4.117,4.359,4.617,4.129,4.078,4.551
2024-04-03 14:00:00+07:00,4.984,3.863,4.531,4.098,4.871,4.547,4.613,4.473
2024-04-03 14:10:00+07:00,4.609,4.281,4.289,3.863,                               ,3.723,3.91,4.523
2024-04-03 14:20:00+07:00,4.371,2.859,3.168,3.418,                               ,3.477,3.977,3.254
2024-04-03 14:30:00+07:00,4.348,4.051,4.105,3.84,                               ,4.109,4.258,4.43
2024-04-03 14:40:00+07:00,4.039,3.957,4.102,3.879,4.004,4.055,4.141,4.387
2024-04-03 14:50:00+07:00,4.223,3.949,4.113,4.156,4.215,                               ,4.473,4.422
2024-04-03 15:00:00+07:00,4.977,3.75,4.539,4.469,4.621,                               ,4.652,4.742
2024-04-03 15:10:00+07:00,4.938,4.531,4.527,4.578,4.934,                               ,5,4.699
2024-04-03 15:20:00+07:00,4.465,4.148,4.426,3.938,4.434,3.926,4.699,4.738
2024-04-03 15:30:00+07:00,4.586,3.832,4.328,4.566,4.48,4.484,                               ,4.359
2024-04-03 15:40:00+07:00,4.621,4.039,3.934,3.977,4.457,4.281,                               ,3.996
2024-04-03 15:50:00+07:00,4.102,3.531,4.27,4.145,3.832,3.875,4.52,4.008
2024-04-03 16:00:00+07:00,4.371,3.324,3.813,4.125,4.273,4.262,4.492,4.371
2024-04-03 16:10:00+07:00,3.848,2.672,3.102,2.973,3.398,3.617,3.762,4.289
2024-04-03 16:20:00+07:00,3.734,2.848,2.973,3.258,3.238,3.852,3.34,3.867
2024-04-03 16:30:00+07:00,3.484,2.617,3.016,2.613,3.242,3.773,4.016,3.945
2024-04-03 16:40:00+07:00,3.828,2.789,3.242,3.273,3.707,4.332,4.168,4.238
2024-04-03 16:50:00+07:00,4.02,2.863,3.543,3.645,4.145,4.148,4.055,4.148
2024-04-03 17:00:00+07:00,3.84,3.441,3.641,3.477,3.922,4.414,4.723,4.598
2024-04-03 17:10:00+07:00,4.293,3.691,4.148,4.438,4.633,4.563,4.371,4.277
2024-04-03 17:20:00+07:00,4.051,3.75,4.27,4.348,4.484,4.527,4.484,4.477
2024-04-03 17:30:00+07:00,4.355,4.316,4.426,4.484,4.914,5.117,4.922,4.719
2024-04-03 17:40:00+07:00,4.316,4.027,4.242,4.418,4.52,4.617,4.676,4.504
2024-04-03 17:50:00+07:00,4.504,3.75,4.324,4.348,4.543,4.453,4.574,4.754
2024-04-03 18:00:00+07:00,4.328,3.801,3.984,3.582,4.188,4.078,4.367,4.617
2024-04-03 18:10:00+07:00,4.504,3.398,4.262,4.266,4.352,4.141,4.621,4.605
2024-04-03 18:20:00+07:00,4.391,3.895,4.801,4.523,4.594,4.789,4.852,5.043
2024-04-03 18:30:00+07:00,4.309,1.98,3.488,3.004,4.379,4.633,4.836,4.727
2024-04-03 18:40:00+07:00,4.012,2.813,3.563,3.426,4.133,4.328,4.195,4.336
2024-04-03 18:50:00+07:00,4.234,2.41,3.547,2.742,3.582,3.887,4.23,4.313
2024-04-03 19:00:00+07:00,4.262,2.25,3.793,2.871,3.336,3.344,3.645,4.277
2024-04-03 19:10:00+07:00,3.762,2.77,3.582,2.551,4.277,3.781,3.457,3.977
2024-04-03 19:20:00+07:00,3.898,2.176,3.254,2.645,3.613,3.891,3.727,4.336
2024-04-03 19:30:00+07:00,4.395,1.988,3.766,2.707,3.809,4.074,4.074,4.684
2024-04-03 19:40:00+07:00,3.977,2.234,3.719,2.508,3.109,3.121,3.391,4.367
2024-04-03 19:50:00+07:00,3.535,2.258,3.785,2.996,4.109,3.906,3.992,4.152
2024-04-03 20:00:00+07:00,4.359,3.594,4.309,3.488,4.379,4.219,4.23,4.344
2024-04-03 20:10:00+07:00,4.816,4.027,4.762,4.066,4.875,4.734,4.461,4.129
2024-04-03 20:20:00+07:00,4.523,3.977,4.629,4.367,4.832,4.734,4.605,4.441
2024-04-03 20:30:00+07:00,4.301,3.113,4.59,3.23,4.875,4.75,4.863,4.719
2024-04-03 20:40:00+07:00,4.293,3.102,4.691,3.512,5.07,4.883,4.719,4.777
2024-04-03 20:50:00+07:00,4.445,2.891,4.523,3.809,4.617,4.496,4.449,4.406
2024-04-03 21:00:00+07:00,4.043,3.281,3.957,3.387,4.027,3.836,3.949,3.789
2024-04-03 21:10:00+07:00,4.359,3.82,3.691,3.637,3.711,3.719,3.988,3.969
2024-04-03 21:20:00+07:00,4.516,4.176,4.074,3.824,3.875,4.016,4.301,4.199
2024-04-03 21:30:00+07:00,4.52,4.113,4.293,4.117,4.355,4.023,4.168,4.477
2024-04-03 21:40:00+07:00,4.641,4.086,4.266,4.137,4.371,4.367,4.484,4.672
2024-04-03 21:50:00+07:00,5.051,3.625,4.766,4.137,4.535,4.43,4.449,4.637
2024-04-03 22:00:00+07:00,4.754,2.785,4.449,3.387,4.176,3.859,3.766,3.875
2024-04-03 22:10:00+07:00,3.875,2.781,3.734,2.719,3.879,3.563,3.41,3.504
2024-04-03 22:20:00+07:00,3.973,2.781,3.871,2.336,3.813,3.555,3.52,3.605
2024-04-03 22:30:00+07:00,3.727,1.797,3.691,2.004,3.691,3.297,2.945,3.141
2024-04-03 22:40:00+07:00,3.914,1.902,3.602,1.461,3.867,3.449,2.316,3.453
2024-04-03 22:50:00+07:00,4.398,1.586,3.672,1.598,3.574,2.977,1.719,3.531
2024-04-03 23:00:00+07:00,4.285,1.84,3.68,1.652,3.473,2.105,1.734,3.094
2024-04-03 23:10:00+07:00,4.387,2.258,2.836,1.539,2.57,2.105,2.082,2.863
2024-04-03 23:20:00+07:00,4.363,2.137,2.426,2.121,2.867,2.82,2.738,2.648
2024-04-03 23:30:00+07:00,4.801,2.672,2.633,2.109,3.316,3.078,3,3.277
2024-04-03 23:40:00+07:00,4.953,1.977,4.453,2.242,4.32,4.105,2.906,4.297
2024-04-03 23:50:00+07:00,4.813,2.656,4.508,2.977,4.648,4.582,4.438,4.727
2024-04-04 0:00:00+07:00,4.332,3.199,4.465,2.773,4.539,4.68,4.313,4.773
2024-04-04 0:10:00+07:00,4.355,3.047,4.547,3.266,4.848,5.004,4.98,4.984
2024-04-04 0:20:00+07:00,4.605,3.211,4.73,3.539,4.949,5.09,5.039,4.879
2024-04-04 0:30:00+07:00,4.957,3.941,5.285,4.621,5.219,4.98,4.863,4.898
2024-04-04 0:40:00+07:00,4.949,3.82,5.34,4.941,5.219,4.867,4.977,5.152
2024-04-04 0:50:00+07:00,4.566,3.336,4.93,4.621,4.891,4.727,4.758,4.941
2024-04-04 1:00:00+07:00,5.254,4.281,4.715,4.066,4.535,4.566,4.512,4.645
2024-04-04 1:10:00+07:00,4.699,3.84,4.727,4.078,4.199,3.945,4.113,4.406
2024-04-04 1:20:00+07:00,4.453,2.727,4.375,3.211,4.125,3.699,3.668,4.063
2024-04-04 1:30:00+07:00,4.379,2.652,4.395,3.523,4.301,3.941,3.711,3.895
2024-04-04 1:40:00+07:00,4.559,3,4.203,2.926,4.559,4.355,3.73,3.695
2024-04-04 1:50:00+07:00,4.395,3.18,4.313,3.555,4.355,4.086,4.145,3.863
2024-04-04 2:00:00+07:00,4.371,3.449,4.445,3.32,4.441,3.984,3.941,4
2024-04-04 2:10:00+07:00,4.078,2.855,4.063,2.855,4.41,4.266,3.813,3.75
2024-04-04 2:20:00+07:00,4.285,1.738,4.191,2.344,4.516,4.16,3.777,3.688
2024-04-04 2:30:00+07:00,4.07,1.992,3.691,2.129,4.219,4.266,3.438,4.32
2024-04-04 2:40:00+07:00,4.18,1.715,3.887,2.02,3.914,3.203,2.32,4.195
2024-04-04 2:50:00+07:00,4.727,2.043,4,2.051,4.242,4.441,3.754,4.672
2024-04-04 3:00:00+07:00,4.566,2.145,3.629,1.801,3.738,2.781,2.422,3.047
2024-04-04 3:10:00+07:00,4.594,2.172,2.715,1.957,2.949,2.129,2.332,2.848
2024-04-04 3:20:00+07:00,4.383,2.199,2.68,1.738,3.281,3.055,2.906,2.719
2024-04-04 3:30:00+07:00,3.973,1.789,1.91,2.414,2.426,2.676,1.539,2.094
2024-04-04 3:40:00+07:00,4.113,1.953,2.215,2.391,2.199,2.629,2.672,2.621
2024-04-04 3:50:00+07:00,4.344,2.285,2.254,2.688,2.195,2.73,2.789,2.52
2024-04-04 4:00:00+07:00,4.664,2.172,2.402,2.414,2.77,3.27,2.801,2.734
2024-04-04 4:10:00+07:00,4.957,2.203,2.207,2.949,2.949,2.766,3.125,3.023
2024-04-04 4:20:00+07:00,5.242,2.32,1.645,3.551,2.52,2.762,3.129,3.191
2024-04-04 4:30:00+07:00,4.824,2.141,2.016,3.668,2.848,2.852,3.066,2.582
2024-04-04 4:40:00+07:00,4.605,2.219,1.93,2.906,2.242,2.43,2.516,2.059
2024-04-04 4:50:00+07:00,4.414,3.621,2.227,3.703,2.461,3.188,2.953,2.766
2024-04-04 5:00:00+07:00,4.391,2.285,1.789,3.191,1.852,2.648,2.996,3.27
2024-04-04 5:10:00+07:00,3.992,1.98,2.137,2.605,2.32,2.68,2.695,3.355
2024-04-04 5:20:00+07:00,4.535,2.219,2.43,2.23,2.328,2.84,1.336,2.449
2024-04-04 5:30:00+07:00,4.848,1.977,3.809,2.078,3.754,3.328,2.746,3.367
2024-04-04 5:40:00+07:00,4.523,2.172,3.43,1.371,2.855,1.883,2.07,2.352
2024-04-04 5:50:00+07:00,4.938,2.844,2.863,2.211,3.055,2.152,2.559,2.871
2024-04-04 6:00:00+07:00,4.617,2.523,2.367,2.18,3.113,2.762,3.16,3.148
2024-04-04 6:10:00+07:00,4.641,2.578,2.848,1.895,3.355,2.859,3.016,3.391
2024-04-04 6:20:00+07:00,4.594,2.246,3.949,1.93,4.102,3.676,2.945,3.527
2024-04-04 6:30:00+07:00,4,2.766,3.816,2.18,3.973,3.875,3.367,4.078
2024-04-04 6:40:00+07:00,4.551,2.133,3.293,1.879,3.449,3.5,2.371,3.672
2024-04-04 6:50:00+07:00,4.523,2.266,3.734,2.867,3.5,3.441,3.188,3.746
2024-04-04 7:00:00+07:00,3.445,2.73,2.723,2.145,2.996,2.672,2.941,3.324
2024-04-04 7:10:00+07:00,3.109,3.148,3.293,3.375,2.789,2.637,3.152,3.063
2024-04-04 7:20:00+07:00,2.793,2.684,2.609,2.918,2.445,2.938,2.82,2.457
2024-04-04 7:30:00+07:00,2.977,2.68,2.641,2.918,2.27,2.598,2.313,2.277
2024-04-04 7:40:00+07:00,2.609,2.531,2.617,2.527,2.84,2.539,2.316,2.492
2024-04-04 7:50:00+07:00,3.41,3.191,3.375,2.621,3.191,3.219,2.527,2.664
2024-04-04 8:00:00+07:00,3.539,3.574,3.969,3.781,3.652,3.625,3.453,2.652
2024-04-04 8:10:00+07:00,3.773,3.773,3.465,3.656,3.574,2.957,3.34,3.492
2024-04-04 8:20:00+07:00,3.496,3.406,2.641,3.469,3.844,3.699,3.531,3.574
2024-04-04 8:30:00+07:00,4.195,3.898,4.086,4.031,3.957,4.059,4.012,4.133
2024-04-04 8:40:00+07:00,4.57,4.453,4.391,4.184,4.188,4.18,4.094,4.195
2024-04-04 8:50:00+07:00,4.301,4.219,4.316,4.129,3.953,3.699,4.293,4.066
2024-04-04 9:00:00+07:00,4.145,3.949,3.805,3.551,3.945,3.168,3.699,3.672
2024-04-04 9:10:00+07:00,3.5,3.34,3.309,3.195,2.977,3.316,3.258,2.902
2024-04-04 9:20:00+07:00,2.48,2.074,1.988,2.484,2.832,3.004,3.094,3.273
2024-04-04 9:30:00+07:00,3.164,3.531,3.535,3.613,3.742,3.566,3.984,3.828
2024-04-04 9:40:00+07:00,3.305,3.273,3.16,3.277,2.961,2.664,2.641,2.832
2024-04-04 9:50:00+07:00,3.441,3.473,3.453,2.992,3.398,3.438,3.184,2.406
2024-04-04 10:00:00+07:00,3.418,2.918,3.23,3.156,3.465,3.352,3.199,3.426
2024-04-04 10:10:00+07:00,3.66,3.844,3.563,3.66,3.23,3.391,3.277,3.426
2024-04-04 10:20:00+07:00,3.629,3.508,3.477,3.586,4.234,4.141,4.035,3.426
2024-04-04 10:30:00+07:00,3.855,4.02,4.07,4.246,3.977,3.785,4.262,3.492
2024-04-04 10:40:00+07:00,4.215,3.922,3.309,4.02,3.781,4.352,4.023,4.063
2024-04-04 10:50:00+07:00,4.469,4.012,4.07,3.934,3.414,3.293,3.715,3.359
2024-04-04 11:00:00+07:00,4.148,3.855,3.953,3.816,3.766,3.969,3.805,4.129
2024-04-04 11:10:00+07:00,4.668,4.113,3.965,3.789,3.945,3.832,3.668,4.121
2024-04-04 11:20:00+07:00,4.16,3.93,4.078,4.273,3.977,4.07,4.258,4.406
2024-04-04 11:30:00+07:00,3.793,4.203,3.953,4.078,4.25,4.348,4.434,4.16
2024-04-04 11:40:00+07:00,4.191,4.098,4.031,4.102,3.785,3.762,3.98,4.113
2024-04-04 11:50:00+07:00,4.316,3.355,3.672,3.426,3.527,3.734,3.762,3.949
2024-04-04 12:00:00+07:00,4.598,3.617,4.211,4.406,4.746,4.309,4.398,3.996
2024-04-04 12:10:00+07:00,4.527,3.246,3.875,3.816,4.121,4.078,4.164,3.754
2024-04-04 12:20:00+07:00,4.836,4.227,4.449,4.09,4.348,4.191,4.098,4.391
2024-04-04 12:30:00+07:00,4.375,3.988,4.566,4.438,4.105,4.023,4.047,4.082
2024-04-04 12:40:00+07:00,4.066,2.695,3.398,3.871,4.191,3.652,3.754,3.441
2024-04-04 12:50:00+07:00,4.82,3.203,3.352,3.148,3.574,3.75,3.922,3.816
2024-04-04 13:00:00+07:00,3.875,3.52,4.023,3.406,3.121,3.551,3.457,3.395
2024-04-04 13:10:00+07:00,3.359,3.332,2.879,2.742,3.043,3.039,3.035,2.863
2024-04-04 13:20:00+07:00,3.992,3.441,3.617,3.508,3.652,3.574,3.594,3.324
2024-04-04 13:30:00+07:00,3.813,2.676,3.211,3.91,3.574,2.688,3.309,3.379
2024-04-04 13:40:00+07:00,3.148,3.051,2.91,2.859,3.832,3.734,3.813,3.75
2024-04-04 13:50:00+07:00,4.34,3.492,3.566,3.898,4.012,3.969,4.355,4.266
2024-04-04 14:00:00+07:00,3.926,2.891,3.645,3.559,3.793,3.52,3.961,4.195
2024-04-04 14:10:00+07:00,4.012,3.316,3.289,3.527,3.602,3.219,3.512,3.207
2024-04-04 14:20:00+07:00,3.512,3.402,3.328,4.152,3.797,3.551,3.469,3.434
2024-04-04 14:30:00+07:00,3.797,3.27,3.363,3.461,4.066,3.969,4.16,3.816
2024-04-04 14:40:00+07:00,3.813,3.52,3.352,3.938,3.566,3.48,3.527,3.801
2024-04-04 14:50:00+07:00,4.461,3.984,4.004,3.793,4.207,3.938,3.953,4.047
2024-04-04 15:00:00+07:00,4.406,4.395,4.379,4.461,4.492,3.992,4.246,4.375
2024-04-04 15:10:00+07:00,4.457,4.484,4.527,4.492,4.773,4.414,4.734,4.801
2024-04-04 15:20:00+07:00,4.793,4.711,4.625,4.762,4.781,4.801,5.246,4.641
2024-04-04 15:30:00+07:00,4.992,4.871,4.977,5.426,5.184,5.18,5.141,5.035
2024-04-04 15:40:00+07:00,5.363,5.105,5.258,5.035,5.43,5.043,5.031,5.191
2024-04-04 15:50:00+07:00,5.613,5.121,5.234,5.133,5.723,5.059,5.035,5.277
2024-04-04 16:00:00+07:00,4.941,4.434,4.695,4.852,4.738,4.473,4.867,4.871
2024-04-04 16:10:00+07:00,4.695,4.496,3.934,4.391,4.402,4.129,4.281,4.641
2024-04-04 16:20:00+07:00,4.453,4.238,4.543,4.082,4.156,4.031,4.531,4.391
2024-04-04 16:30:00+07:00,4.195,4.227,4.344,4.375,4.777,4.629,4.676,4.699
2024-04-04 16:40:00+07:00,4.84,4.492,4.742,4.148,5.102,4.836,4.719,4.629
2024-04-04 16:50:00+07:00,4.883,4.512,4.773,4.934,5.117,4.641,4.879,4.922
2024-04-04 17:00:00+07:00,4.941,4.609,4.371,4.582,4.574,4.406,4.711,4.676
2024-04-04 17:10:00+07:00,5.199,3.215,4.238,3.977,4.742,4.637,4.598,4.711
2024-04-04 17:20:00+07:00,4.617,4.25,4.195,3.59,4.141,4.184,4.414,4.535
2024-04-04 17:30:00+07:00,4.344,3.148,3.813,3.359,4.23,4.191,4.02,4.262
2024-04-04 17:40:00+07:00,3.973,2.352,3.297,2.438,3.797,3.406,2.988,3.934
2024-04-04 17:50:00+07:00,4.078,2.055,3.164,2.609,3.102,2.766,2.855,3.027
2024-04-04 18:00:00+07:00,4.375,2.039,3.484,2.496,3.141,3.316,3.117,3.5
2024-04-04 18:10:00+07:00,4.191,2.168,3.547,2.262,3.402,2.949,2.441,2.996
2024-04-04 18:20:00+07:00,3.602,2.023,3.508,2.605,3.207,3.16,3.176,3.188
2024-04-04 18:30:00+07:00,3.887,1.605,3.23,2.008,3.516,3.363,3.508,3.637
2024-04-04 18:40:00+07:00,3.074,1.707,2.758,2.066,3.246,2.965,3.516,3.441
2024-04-04 18:50:00+07:00,4.113,1.816,3.305,2.785,2.914,2.871,2.758,3.594
2024-04-04 19:00:00+07:00,3.813,2.016,2.879,1.941,2.641,2.578,2.641,2.75
2024-04-04 19:10:00+07:00,3.969,1.902,3.047,1.941,2.805,2.832,2.41,3.215
2024-04-04 19:20:00+07:00,4.207,1.941,2.406,2.207,2.859,2.281,2.535,3.266
2024-04-04 19:30:00+07:00,4.324,2.09,2.477,2.824,2.59,2.051,2.543,3
2024-04-04 19:40:00+07:00,4.09,1.672,2.242,2.203,2.375,2.641,2.473,2.656
2024-04-04 19:50:00+07:00,4.441,2.406,2.645,3.195,2.359,2.754,3.043,2.363
2024-04-04 20:00:00+07:00,4.895,3.109,1.773,3.969,2.227,3.035,2.93,2.875
2024-04-04 20:10:00+07:00,4.895,2.535,1.707,3.578,2.434,2.559,3,2.441
2024-04-04 20:20:00+07:00,4.754,3.348,2.582,4.172,2.758,3.355,3.645,3.18
2024-04-04 20:30:00+07:00,4.328,3.832,2.855,4.027,3.105,3.082,4.109,4.047
2024-04-04 20:40:00+07:00,4.117,3.996,3.371,4.18,4.004,3.809,4.574,4.496
2024-04-04 20:50:00+07:00,4.539,4.313,4.172,4.414,4.434,4.453,4.488,4.48
2024-04-04 21:00:00+07:00,4.926,4.465,4.293,4.914,4.984,5.129,5.293,5.16
2024-04-04 21:10:00+07:00,4.816,4.551,3.996,4.75,4.18,4.355,4.828,4.418
2024-04-04 21:20:00+07:00,4.781,4.133,2.531,4.641,3.484,2.949,3.926,3.141
2024-04-04 21:30:00+07:00,4.184,2.336,1.922,2.98,2.68,2.309,3.383,2.043
2024-04-04 21:40:00+07:00,4.18,2.07,1.836,2.734,2.039,2.316,2.398,1.746
2024-04-04 21:50:00+07:00,4.109,1.875,2.75,2.609,3.004,2.461,2.828,2.426
2024-04-04 22:00:00+07:00,3.828,1.727,2.324,2.016,2.473,3.07,2.516,2.414
2024-04-04 22:10:00+07:00,4.152,1.758,2.188,2.5,2.395,2.754,1.684,2.355
2024-04-04 22:20:00+07:00,3.863,1.535,2.094,2.426,1.773,2.125,1.879,2.191
2024-04-04 22:30:00+07:00,4.086,1.977,2.777,2.465,2.707,3.113,3.047,3.043
2024-04-04 22:40:00+07:00,4.672,1.746,3.918,1.59,3.766,3.246,2.348,3.32
2024-04-04 22:50:00+07:00,4.758,2.043,3.203,1.809,3.102,2.273,2.043,2.566
2024-04-04 23:00:00+07:00,4.59,2.199,2.465,2.672,2.77,2.715,2.703,2.859
2024-04-04 23:10:00+07:00,4.777,2.211,3.402,1.531,3.137,3.219,3.059,3.227
2024-04-04 23:20:00+07:00,5.016,2.824,3.313,2.246,3.758,3.059,2.746,3.16
2024-04-04 23:30:00+07:00,4.926,2.453,2.672,2.938,3.043,3.152,2.578,3.141
2024-04-04 23:40:00+07:00,4.816,2.23,2.891,2.699,2.945,2.957,2.605,2.668
2024-04-04 23:50:00+07:00,5.027,2.551,2.52,3.242,2.488,2.93,3.066,2.727
2024-04-05 0:00:00+07:00,5.012,2.898,2.129,3.523,2.289,2.473,3.086,2.219
2024-04-05 0:10:00+07:00,4.43,2.152,1.816,3.395,1.742,2.727,2.824,2.355
2024-04-05 0:20:00+07:00,5.164,2.277,2.375,2.746,1.945,2.816,2.262,2.621
2024-04-05 0:30:00+07:00,5.078,3.414,2.191,4.23,2.781,2.938,3.328,2.992
2024-04-05 0:40:00+07:00,4.27,4.125,3.078,4.266,3.543,3.203,3.895,3.391
2024-04-05 0:50:00+07:00,3.891,3.891,3.648,4.574,4.48,4.34,4.453,4.352
2024-04-05 1:00:00+07:00,3.895,3.664,3.105,4.27,3.859,3.879,3.992,3.414
2024-04-05 1:10:00+07:00,4.094,3.758,2.613,4.461,3.516,3.09,4.059,3.5
2024-04-05 1:20:00+07:00,4.883,4.688,3.551,4.938,4.445,4.059,4.574,4.027
2024-04-05 1:30:00+07:00,4.902,4.746,3.684,4.754,4.301,4.035,4.293,3.684
2024-04-05 1:40:00+07:00,5.09,4.734,3.52,4.578,4.109,3.766,3.793,3.512
2024-04-05 1:50:00+07:00,5.082,4.777,3.461,4.574,4.148,3.711,4.387,3.715
2024-04-05 2:00:00+07:00,5.258,4.973,4.793,5.207,5.145,4.914,4.988,4.855
2024-04-05 2:10:00+07:00,5.16,5.043,4.805,5.215,5.039,4.863,5.18,5.164
2024-04-05 2:20:00+07:00,5.066,4.82,3.563,4.863,3.648,3.82,4.594,4.043
2024-04-05 2:30:00+07:00,4.633,4.277,2.566,4.297,2.75,2.355,3.203,2.227
2024-04-05 2:40:00+07:00,3.848,1.863,1.969,3.379,2.805,2.328,3.27,2.645
2024-04-05 2:50:00+07:00,3.645,2.535,2.43,3.289,2.824,3.09,3.145,2.793
2024-04-05 3:00:00+07:00,4.16,2.066,2.52,3.129,2.242,2.297,2.473,2.117
2024-04-05 3:10:00+07:00,4.191,3.344,2.254,3.82,2.598,2.734,2.953,2.758
2024-04-05 3:20:00+07:00,3.508,2.406,2.348,3.727,2.633,2.539,2.852,2.457
2024-04-05 3:30:00+07:00,3.938,2.18,3,3.168,3.105,3.184,2.703,3.086
2024-04-05 3:40:00+07:00,4.199,3.012,3.813,2.715,3.516,3.207,2.441,2.996
2024-04-05 3:50:00+07:00,4.633,3.828,4.707,3.883,4.203,3.742,3.238,3.605
2024-04-05 4:00:00+07:00,4.508,4.352,4.879,5.035,4.973,4.379,3.82,3.836
2024-04-05 4:10:00+07:00,4.938,4.453,5.102,4.93,5.047,4.934,4.398,4.066
2024-04-05 4:20:00+07:00,5.133,4.832,5.242,5.074,4.781,4.203,3.957,4.137
2024-04-05 4:30:00+07:00,4.898,3.184,4.652,4.078,4.52,4.32,4.359,4.598
2024-04-05 4:40:00+07:00,3.992,1.785,3.898,2.297,4.297,4.438,3.848,4.625
2024-04-05 4:50:00+07:00,4.035,2.176,3.742,2.879,4.578,4.754,4.512,4.828
2024-04-05 5:00:00+07:00,3.953,3.066,3.863,2.73,4.156,4.582,4.691,4.707
2024-04-05 5:10:00+07:00,4.738,3.965,4.648,4.297,5.016,5.164,4.992,4.859
2024-04-05 5:20:00+07:00,5.035,4.301,5.117,4.563,4.902,4.637,4.625,4.488
2024-04-05 5:30:00+07:00,4.879,4.734,4.832,4.82,4.613,4.43,4.363,4.496
2024-04-05 5:40:00+07:00,4.91,4.645,4.449,4.234,4.121,4.441,4.602,4.57
2024-04-05 5:50:00+07:00,4.934,4.422,4.32,4.035,4.168,4.512,4.914,4.973
2024-04-05 6:00:00+07:00,5.289,4.875,4.402,4.211,4.125,4.254,4.563,4.785
2024-04-05 6:10:00+07:00,4.926,4.449,4.004,3.855,4.027,4.223,4.449,4.504
2024-04-05 6:20:00+07:00,4.855,4.074,3.824,4.18,4.48,4.711,4.777,4.188
2024-04-05 6:30:00+07:00,4.434,4.383,4.453,4.395,4.816,4.848,4.695,4.059
2024-04-05 6:40:00+07:00,5.266,4.152,4.566,4.078,4.543,5.047,5.129,5.219
2024-04-05 6:50:00+07:00,5.449,4.594,5.328,4.313,4.797,4.789,4.727,5.078
2024-04-05 7:00:00+07:00,4.68,4.285,4.359,4.281,4.156,3.859,3.891,4.242
2024-04-05 7:10:00+07:00,4.371,3.766,3.371,3.309,3.563,3.688,3.895,3.918
2024-04-05 7:20:00+07:00,3.461,2.863,2.73,3.52,3.379,4.02,3.879,3
2024-04-05 7:30:00+07:00,3.777,3.406,2.832,3.34,3.23,3.211,3.012,3.402
2024-04-05 7:40:00+07:00,2.645,3.098,3.461,3.008,3.418,2.441,3.305,3.781
2024-04-05 7:50:00+07:00,3.25,3.055,2.965,2.754,3.52,2.512,2.797,3.316
2024-04-05 8:00:00+07:00,2.566,1.719,1.801,1.301,1.895,2.078,2.285,2.422
2024-04-05 8:10:00+07:00,2.566,2.086,1.73,1.574,1.723,1.625,1.969,2.262
2024-04-05 8:20:00+07:00,2.801,2.477,2.703,2.594,1.988,2.996,2.375,2.461
2024-04-05 8:30:00+07:00,3.102,2.965,3.012,3.027,3.324,2.977,2.746,2.867
2024-04-05 8:40:00+07:00,3.824,3.305,3.426,3.391,3.082,3.184,3.117,3.137
2024-04-05 8:50:00+07:00,3.598,3.066,3.215,3.156,3.145,3.066,2.914,3.242
2024-04-05 9:00:00+07:00,3.91,3.547,3.348,3.223,3.547,3.586,3.445,3.785
2024-04-05 9:10:00+07:00,4.094,3.852,3.816,3.645,3.855,3.707,3.328,3.398
2024-04-05 9:20:00+07:00,3.547,2.957,3.738,3.641,3.355,3.41,2.934,3.707
2024-04-05 9:30:00+07:00,3.48,3.148,3.43,3.738,3.633,3.547,2.355,3.273
2024-04-05 9:40:00+07:00,3.277,3.164,3.707,3.977,4.047,3.621,3.305,3.859
2024-04-05 9:50:00+07:00,4.211,3.648,3.762,3.863,3.754,3.895,3.539,3.418
2024-04-05 10:00:00+07:00,4.078,3.473,3.289,3.457,3.742,3.746,3.551,3.902
2024-04-05 10:10:00+07:00,4.367,3.645,3.867,4.102,3.785,4.172,4.109,4.215
2024-04-05 10:20:00+07:00,3.715,3.52,3.508,3.551,3.57,4.117,3.723,3.93
2024-04-05 10:30:00+07:00,3.871,3.262,3.48,2.977,4.188,3.516,3.988,3.895
2024-04-05 10:40:00+07:00,4,3.785,3.98,3.883,4.242,3.945,4.371,4.215
2024-04-05 10:50:00+07:00,4.109,4.465,4.145,4.195,4.359,4.125,3.887,3.848
2024-04-05 11:00:00+07:00,4.531,4.27,4.309,4.434,4.488,4.363,4.262,4.438
2024-04-05 11:10:00+07:00,4.824,4.434,3.961,4.227,4.219,4.238,4.25,4.02
2024-04-05 11:20:00+07:00,4.504,3.512,4.094,4.211,4.043,4.129,4.238,4.473
2024-04-05 11:30:00+07:00,4.684,4.566,4.551,4.605,4.16,4.105,4.418,4.324
2024-04-05 11:40:00+07:00,4.371,3.715,3.594,3.613,3.914,3.785,4.008,3.754
2024-04-05 11:50:00+07:00,4.254,4.164,4.285,4.082,4.246,3.797,4.113,3.711
2024-04-05 12:00:00+07:00,4.203,3.719,3.82,4.25,3.906,4.027,4.133,3.398
2024-04-05 12:10:00+07:00,4.754,4.527,4.715,4.039,4.43,4.359,4.324,4.254
2024-04-05 12:20:00+07:00,5.031,4.742,4.344,4.664,4.539,4.426,4.652,4.672
2024-04-05 12:30:00+07:00,5.602,4.832,4.832,4.863,5.449,5.023,5.102,5.297
2024-04-05 12:40:00+07:00,5.457,4.734,5.355,4.629,4.926,4.641,5.129,5.199
2024-04-05 12:50:00+07:00,5.32,4.895,5.367,5.086,5.379,4.645,4.902,4.883
2024-04-05 13:00:00+07:00,5.273,4.797,4.57,4.906,5.199,5.258,5.125,4.641
2024-04-05 13:10:00+07:00,4.945,4.652,4.777,4.785,5.148,4.637,5.164,5.324
2024-04-05 13:20:00+07:00,5.277,4.914,5.496,5.246,5.305,5.133,5.438,5.336
2024-04-05 13:30:00+07:00,5.727,4.539,5.734,5.66,5.574,5.332,5.496,5.391
2024-04-05 13:40:00+07:00,5.688,5.012,4.969,5.254,5.32,5.234,5.785,5.848
2024-04-05 13:50:00+07:00,5.707,4.848,5.23,5.25,5.723,5.41,5.672,6.043
2024-04-05 14:00:00+07:00,5.629,5.551,5.695,5.648,5.797,4.965,5.609,5.902
2024-04-05 14:10:00+07:00,5.531,4.852,5.105,5.613,5.676,5.273,5.52,5.781
2024-04-05 14:20:00+07:00,5.762,5.184,5.367,5.344,5.523,5.531,5.742,5.559
2024-04-05 14:30:00+07:00,5.332,5.168,5.719,5.484,5.676,5.563,5.898,5.875
2024-04-05 14:40:00+07:00,5.691,5.387,5.887,5.672,5.754,5.555,5.91,5.707
2024-04-05 14:50:00+07:00,5.613,4.742,4.988,5.098,5.023,5.141,5.504,5.445
2024-04-05 15:00:00+07:00,5.813,5.777,5.77,5.605,5.852,5.43,5.371,5.801
2024-04-05 15:10:00+07:00,6.004,4.34,5.426,4.332,5.219,5.051,5.125,5.316
2024-04-05 15:20:00+07:00,5.145,4.898,5.441,5.43,5.098,4.77,5.148,5.152
2024-04-05 15:30:00+07:00,5.867,5.188,5.672,5.238,5.48,5.094,5.195,5.539
2024-04-05 15:40:00+07:00,5.395,4.688,5.316,4.965,5.051,4.813,5.172,5.375
2024-04-05 15:50:00+07:00,5.711,4.996,4.906,5.207,5.438,5.465,5.848,5.895
2024-04-05 16:00:00+07:00,5.391,4.609,5.012,5.121,5.359,5.078,5.273,5.34
2024-04-05 16:10:00+07:00,5.098,4.629,5.027,4.992,5.367,5.121,4.992,5.512
2024-04-05 16:20:00+07:00,5.223,5.227,5.301,5.484,5.832,5.219,5.445,5.805
2024-04-05 16:30:00+07:00,5.598,5.441,5.254,5.258,5.719,5.32,5.742,5.672
2024-04-05 16:40:00+07:00,5.438,4.805,5.27,4.977,5.293,4.68,5.055,5.57
2024-04-05 16:50:00+07:00,5.391,4.441,5.012,4.246,4.496,4.781,4.789,4.766
2024-04-05 17:00:00+07:00,4.805,4.254,4.793,4.707,4.93,4.773,4.707,4.832
2024-04-05 17:10:00+07:00,4.66,4.074,4.047,4.391,4.875,4.59,4.715,5.059
2024-04-05 17:20:00+07:00,5.406,4.582,5.172,4.836,5.031,4.898,5.188,5.242
2024-04-05 17:30:00+07:00,5.582,4.918,5.289,5.52,5.578,4.969,5.281,5.828
2024-04-05 17:40:00+07:00,5.57,4.875,4.859,4.777,5.141,4.953,5.59,5.629
2024-04-05 17:50:00+07:00,5.074,4.156,4.773,4.73,5.027,4.926,5.223,5.016
2024-04-05 18:00:00+07:00,4.965,4.574,4.855,4.855,4.863,4.469,4.969,5.102
2024-04-05 18:10:00+07:00,4.516,4.605,4.742,4.527,4.387,4.301,4.523,4.672
2024-04-05 18:20:00+07:00,4.41,4.273,4.461,4.465,4.824,4.543,4.879,4.703
2024-04-05 18:30:00+07:00,4.219,4.359,4.992,4.855,4.766,4.559,5.047,4.801
2024-04-05 18:40:00+07:00,4.137,4.539,4.984,5.059,5.152,4.684,4.766,4.523
2024-04-05 18:50:00+07:00,4.07,4.074,4.867,4.691,4.941,4.77,5.301,4.609
2024-04-05 19:00:00+07:00,3.977,3.664,4.395,4.492,4.633,4.57,4.957,4.473
2024-04-05 19:10:00+07:00,4.07,4.422,4.469,4.832,5.477,4.82,4.531,4.477
2024-04-05 19:20:00+07:00,4.43,4.852,4.582,5.383,5.391,4.645,4.496,5.504
2024-04-05 19:30:00+07:00,4.828,4.559,4.922,5.051,5.332,4.766,4.613,5.359
2024-04-05 19:40:00+07:00,4.484,3.984,4.738,4.984,5.133,5.195,4.434,4.465
2024-04-05 19:50:00+07:00,4.172,3.938,4.605,4.777,5.203,4.941,4.598,4.824
2024-04-05 20:00:00+07:00,4.379,4.445,4.625,5.008,4.828,4.469,4.703,5.313
2024-04-05 20:10:00+07:00,4.434,4.578,4.563,4.496,4.184,4.727,5.316,5.078
2024-04-05 20:20:00+07:00,4.719,4.523,4.773,4.746,4.613,5.016,5.277,5.027
2024-04-05 20:30:00+07:00,4.355,4.43,4.621,5.035,4.738,4.594,4.676,5.012
2024-04-05 20:40:00+07:00,4.68,4.375,4.25,4.668,4.836,4.293,4.168,4.965
2024-04-05 20:50:00+07:00,4.047,3.871,4.293,4.48,4.734,4.18,4.133,4.441
2024-04-05 21:00:00+07:00,4.5,4.496,4.25,4.578,4.578,4.484,4.313,4.199
2024-04-05 21:10:00+07:00,4.375,4.5,4.469,4.449,4.934,4.504,4.156,4.246
2024-04-05 21:20:00+07:00,4.727,4.539,4.766,4.93,4.883,4.672,4.867,5.141
2024-04-05 21:30:00+07:00,4.828,4.93,4.918,4.922,4.844,4.938,5.094,5.266
2024-04-05 21:40:00+07:00,4.68,5.141,5.352,5.215,5.094,5.078,5.141,5.227
2024-04-05 21:50:00+07:00,4.492,4.816,5.027,5.523,5.504,5.23,5.555,6.059
2024-04-05 22:00:00+07:00,5.559,5.352,5.586,5.18,5.105,5.617,6.145,6.031
2024-04-05 22:10:00+07:00,5.543,5.422,5.004,5.469,5.926,6.258,5.781,5.688
2024-04-05 22:20:00+07:00,5.484,5.535,5.488,5.148,5.328,5.457,5.566,5.566
2024-04-05 22:30:00+07:00,4.973,5.035,5.082,4.957,5.465,4.813,5.203,5.48
2024-04-05 22:40:00+07:00,5.289,5.094,4.816,5.023,5.5,4.617,5.41,5.508
2024-04-05 22:50:00+07:00,5.434,5.547,5.043,5.008,5.059,5.086,6.047,5.328
2024-04-05 23:00:00+07:00,5.336,5.629,5.133,4.871,4.773,4.805,6.238,5.949
2024-04-05 23:10:00+07:00,5.113,5.547,5.484,5.16,5.156,4.574,5.25,5.656
2024-04-05 23:20:00+07:00,5.438,5.402,5.523,5.406,4.949,5.148,5.289,5.078
2024-04-05 23:30:00+07:00,5.441,4.824,5.012,4.949,5.184,5.031,5.008,4.848
2024-04-05 23:40:00+07:00,5.352,5.125,5.078,4.605,5.203,5.477,5.871,5.215
2024-04-05 23:50:00+07:00,5.184,5.004,4.965,5.484,4.969,5.672,6.227,5.988
2024-04-06 0:00:00+07:00,5.605,5.504,5.227,5.203,5.34,5.227,5.828,4.969
2024-04-06 0:10:00+07:00,5.871,5.625,5.422,5.063,5.141,4.816,5.477,5.875
2024-04-06 0:20:00+07:00,6.09,5.602,5.242,4.781,5,4.699,5.695,5.313
2024-04-06 0:30:00+07:00,5.711,5.613,4.93,4.953,5.105,5.227,5.527,5.551
2024-04-06 0:40:00+07:00,5.777,5.355,4.926,4.855,5.691,4.883,5.289,5.551
2024-04-06 0:50:00+07:00,6,5.914,5.199,5.145,5.727,5.07,5.422,5.902
2024-04-06 1:00:00+07:00,5.738,6.246,5.668,5.465,6.004,5.574,5.648,5.859
2024-04-06 1:10:00+07:00,5.645,5.758,5.625,5.363,6.074,5.605,6,6.324
2024-04-06 1:20:00+07:00,5.457,5.484,5.129,5.801,6.383,6,6.289,6.223
2024-04-06 1:30:00+07:00,5.801,5.766,5.414,5.102,5.805,5.609,5.977,5.848
2024-04-06 1:40:00+07:00,5.723,5.898,6.125,5.582,5.734,5.836,5.895,5.922
2024-04-06 1:50:00+07:00,5.793,5.582,5.625,5.199,4.844,5.664,5.082,5.23
2024-04-06 2:00:00+07:00,5.137,5.023,5.008,4.5,4.453,4.234,5.145,5.727
2024-04-06 2:10:00+07:00,4.516,4.066,4.223,4.359,4.887,4.285,4.848,5.105
2024-04-06 2:20:00+07:00,4.328,4.098,3.934,3.57,4.301,3.578,4.484,3.984
2024-04-06 2:30:00+07:00,4.383,3.953,4.066,3.988,3.867,3.938,4.445,4.656
2024-04-06 2:40:00+07:00,4.254,4.18,3.746,3.867,3.906,4.313,4.781,4.969
2024-04-06 2:50:00+07:00,5.48,4.406,4.012,4.871,4.531,4.352,5.023,5.262
2024-04-06 3:00:00+07:00,4.941,4.59,3.863,3.648,4.629,4.211,4.965,5.375
2024-04-06 3:10:00+07:00,4.965,4.258,4.32,4.496,4.668,3.836,5.199,5.031
2024-04-06 3:20:00+07:00,4.121,3.695,3.672,3.688,4.473,4.625,4.934,4.672
2024-04-06 3:30:00+07:00,4.41,3.641,3.41,4.313,4.309,5.406,4.844,4.785
2024-04-06 3:40:00+07:00,4.164,4.445,4.594,4.363,5.059,4.836,5.164,4.996
2024-04-06 3:50:00+07:00,4.477,3.898,3.844,4.207,4.313,4.551,4.746,4.668
2024-04-06 4:00:00+07:00,4.168,3.414,3.879,3.973,4.219,4.246,4.051,4.547
2024-04-06 4:10:00+07:00,3.953,3.402,3.66,3.816,4.309,4.246,4.746,4.297
2024-04-06 4:20:00+07:00,4.133,3.438,3.102,3.398,3.699,3.879,4.445,4.133
2024-04-06 4:30:00+07:00,4.41,3.816,3.781,3.742,3.875,3.754,4.309,4.414
2024-04-06 4:40:00+07:00,3.906,3.855,4.152,4.094,4.145,4.07,4.328,3.945
2024-04-06 4:50:00+07:00,4.051,4.289,4.457,4.832,4.582,4.301,4.332,3.773
2024-04-06 5:00:00+07:00,4.254,4.008,4.434,4.977,4.41,4.535,4.801,4.762
2024-04-06 5:10:00+07:00,4.648,4.477,4.668,5.414,4.758,4.875,5.215,4.836
2024-04-06 5:20:00+07:00,5.379,4.969,5.715,5.691,5.055,4.727,5.25,5.152
2024-04-06 5:30:00+07:00,4.918,4.988,5.258,5.18,4.824,5.098,5.375,5.117
2024-04-06 5:40:00+07:00,4.961,5.035,4.695,4.898,5.082,5.207,5.531,5.074
2024-04-06 5:50:00+07:00,4.961,5.211,4.613,4.828,5.121,4.656,5.051,5.387
2024-04-06 6:00:00+07:00,4.461,4.605,4.719,4.672,4.457,4.773,4.633,4.656
2024-04-06 6:10:00+07:00,4.398,4.32,4.629,4.98,4.656,4.531,5.082,5.141
2024-04-06 6:20:00+07:00,4.527,4.543,4.273,4.648,4.59,5.191,5.211,4.883
2024-04-06 6:30:00+07:00,4.363,4.32,4.504,4.488,3.93,4.227,4.758,4.422
2024-04-06 6:40:00+07:00,4.215,3.973,4.191,4.02,4.133,3.902,4.281,4.516
2024-04-06 6:50:00+07:00,4.348,4.258,4.102,4.461,4.727,4.367,4.598,4.727
2024-04-06 7:00:00+07:00,5.02,4.512,5.293,4.195,5.664,5.047,5.699,5.754
2024-04-06 7:10:00+07:00,6.055,5.492,5.086,5.746,5.918,5.758,6.465,6.16
2024-04-06 7:20:00+07:00,5.75,4.672,5.914,5.695,5.488,6.137,6.23,6.371
2024-04-06 7:30:00+07:00,6.16,5.84,5.535,5.777,5.461,6.199,6.023,6
2024-04-06 7:40:00+07:00,5.422,5.949,6.414,6.207,6.34,6.473,6.059,6.66
2024-04-06 7:50:00+07:00,5.688,5.453,5.555,5.512,5.371,5.359,5.992,5.586
2024-04-06 8:00:00+07:00,5.699,5.391,5.805,6.242,5.375,6.004,6.168,6.012
2024-04-06 8:10:00+07:00,4.75,4.434,5.715,5.387,5.879,6.293,6.023,6.195
2024-04-06 8:20:00+07:00,5.043,5.645,6.02,5.895,5.773,6.09,6.203,6.449
2024-04-06 8:30:00+07:00,6.148,5.852,5.25,5.375,6.043,5.289,5.77,6.25
2024-04-06 8:40:00+07:00,6.082,5.641,5.629,5.961,5.848,5.938,5.68,5.656
2024-04-06 8:50:00+07:00,4.965,5.676,5.699,6.082,5.762,5.668,6.109,5.504
2024-04-06 9:00:00+07:00,5.66,5.242,5.754,5.703,5.602,5.777,5.75,5.781
2024-04-06 9:10:00+07:00,5.555,5.234,5.289,5.438,5.73,5.23,4.629,5.68
2024-04-06 9:20:00+07:00,5.348,5.453,5.086,5.391,5.828,5.418,5.688,5.48
2024-04-06 9:30:00+07:00,5.293,5.148,5.211,5.777,5.742,5.656,5.242,5.445
2024-04-06 9:40:00+07:00,5.258,5.297,5.176,5.199,4.715,5.246,5.465,5.703
2024-04-06 9:50:00+07:00,4.801,6.254,6.117,5.348,5.398,5.254,5.844,5.902
2024-04-06 10:00:00+07:00,5.395,5.582,5.254,5.566,5.512,5.316,5.676,5.438
2024-04-06 10:10:00+07:00,5.469,5.063,4.82,5.328,5.398,5.582,5.008,5.617
2024-04-06 10:20:00+07:00,5.098,5.434,5.426,5.113,5.016,5.523,5.289,5.738
2024-04-06 10:30:00+07:00,4.656,4.52,4.391,5.184,5.055,4.766,5.273,5.355
2024-04-06 10:40:00+07:00,4.918,4.75,4.012,4.027,4.891,4.637,5.168,4.621
2024-04-06 10:50:00+07:00,4.59,4.883,4.523,4.695,5.523,4.516,5.414,4.965
2024-04-06 11:00:00+07:00,5.152,5.063,4.813,4.66,5.27,5.219,5.25,5.418
2024-04-06 11:10:00+07:00,4.988,4.996,4.422,4.98,4.902,5.066,4.906,5.156
2024-04-06 11:20:00+07:00,4.566,4.246,5.023,5.207,4.922,5.074,4.902,5.086
2024-04-06 11:30:00+07:00,3.887,4.141,4.84,5.129,4.965,4.629,5.27,4.645
2024-04-06 11:40:00+07:00,4.813,4.598,4.582,4.313,4.422,5.016,5.109,5.113
2024-04-06 11:50:00+07:00,4.84,4.801,4.141,5.086,4.918,4.941,5.063,4.836
2024-04-06 12:00:00+07:00,4.859,4.262,4.289,4.223,4.809,4.816,4.832,4.629
2024-04-06 12:10:00+07:00,5.371,5.004,4.836,5.406,4.82,4.824,5.086,5.285
2024-04-06 12:20:00+07:00,5.246,4.973,4.637,4.715,4.82,5.73,5.406,4.762
2024-04-06 12:30:00+07:00,5.551,5.379,5.199,5.535,4.805,4.895,5.309,5.305
2024-04-06 12:40:00+07:00,5.219,4.879,4.754,4.578,4.777,4.844,4.672,4.719
2024-04-06 12:50:00+07:00,4.91,4.566,4.297,4.922,4.586,4.859,4.656,4.672
2024-04-06 13:00:00+07:00,4.695,4.105,3.93,4.211,4.82,5.004,4.961,4.523
2024-04-06 13:10:00+07:00,4.914,4.809,4.688,5.066,4.656,4.563,4.961,4.93
2024-04-06 13:20:00+07:00,5.133,4.539,4.742,4.305,4.254,4.504,4.48,5.406
2024-04-06 13:30:00+07:00,4.91,4.363,4.082,4.133,5.07,4.855,4.754,4.945
2024-04-06 13:40:00+07:00,4.445,4.309,4.316,4.387,4.723,4.992,4.875,4.734
2024-04-06 13:50:00+07:00,4.633,3.84,4.156,4.324,4.449,4.602,4.184,3.82
2024-04-06 14:00:00+07:00,4.602,4.836,4.711,4.859,4.863,4.551,4.363,4.453
2024-04-06 14:10:00+07:00,4.496,4.773,4.422,4.754,4.434,4.891,4.668,4.602
2024-04-06 14:20:00+07:00,4.488,4.586,4.215,4.121,4.273,4.813,4.68,4.699
2024-04-06 14:30:00+07:00,5.07,4.445,4.086,4.297,4.684,4.594,4.676,4.727
2024-04-06 14:40:00+07:00,4.672,4.094,4.77,4.25,4.582,4.496,4.598,4.426
2024-04-06 14:50:00+07:00,4.363,4.551,4.578,4.676,4.895,4.867,4.656,4.73
2024-04-06 15:00:00+07:00,4.453,3.961,4.09,4.074,4.82,4.648,4.813,5.059
2024-04-06 15:10:00+07:00,4.656,4.828,4.703,4.727,4.453,4.777,4.543,4.734
2024-04-06 15:20:00+07:00,4.445,4.773,4.137,3.906,4.172,4.922,5.023,4.688
2024-04-06 15:30:00+07:00,4.109,3.922,4.281,4.438,4.195,4.445,4.473,4.855
2024-04-06 15:40:00+07:00,4.953,5.012,5,4.656,5.27,5.152,4.742,5.055
2024-04-06 15:50:00+07:00,4.953,3.898,4.324,4.219,4.77,4.801,4.746,4.891
2024-04-06 16:00:00+07:00,4.723,4.637,4.672,4.656,4.938,4.848,4.652,4.563
2024-04-06 16:10:00+07:00,4.883,5.109,5.219,4.91,4.848,4.855,5.113,5.055
2024-04-06 16:20:00+07:00,4.402,4.598,4.559,4.785,4.73,4.742,4.539,4.66
2024-04-06 16:30:00+07:00,4.539,4.402,4.48,4.48,4.461,4.605,4.91,5.023
2024-04-06 16:40:00+07:00,4.555,4.684,4.117,4.277,4.5,4.797,4.484,4.918
2024-04-06 16:50:00+07:00,4.367,4.137,4.137,4.109,4.531,4.777,4.695,4.586
2024-04-06 17:00:00+07:00,4.117,4.496,4.598,4.77,4.531,4.828,4.813,4.66
2024-04-06 17:10:00+07:00,4.621,4.578,4.477,4.809,4.316,4.84,4.832,4.781
2024-04-06 17:20:00+07:00,4.242,4.348,4.016,4.309,4.77,4.48,4.941,4.883
2024-04-06 17:30:00+07:00,4.508,4.629,4.723,4.609,4.68,4.625,4.648,4.367
2024-04-06 17:40:00+07:00,4.031,4.422,4.449,4.484,4.117,4.234,4.598,4.418
2024-04-06 17:50:00+07:00,4.195,3.777,3.941,4.324,4.297,4.336,4.434,4.051
2024-04-06 18:00:00+07:00,4.117,3.625,3.691,3.938,4.301,3.953,4.125,4.402
2024-04-06 18:10:00+07:00,4.094,3.629,3.738,3.805,3.766,3.715,3.734,3.984
2024-04-06 18:20:00+07:00,3.883,3.457,3.742,3.988,3.414,3.656,3.594,3.637
2024-04-06 18:30:00+07:00,3.586,3.813,3.672,3.543,3.543,3.309,3.195,3.148
2024-04-06 18:40:00+07:00,3.313,3.508,3.383,3.242,2.965,2.414,3.215,3.066
2024-04-06 18:50:00+07:00,3.508,3.367,3.004,2.91,2.43,2.629,2.863,2.719
2024-04-06 19:00:00+07:00,2.879,2.418,2.867,2.508,3.203,2.633,3.227,3.113
2024-04-06 19:10:00+07:00,3.066,2.973,3.223,3.18,3.211,2.586,3.082,3.063
2024-04-06 19:20:00+07:00,3.438,3.273,3.141,2.664,3.52,2.914,3.074,2.551
2024-04-06 19:30:00+07:00,3.43,3.371,3.402,3.18,3.402,3.031,3.293,3.387
2024-04-06 19:40:00+07:00,3.535,3.348,3.594,3.488,3.145,3.391,3.152,2.77
2024-04-06 19:50:00+07:00,3.527,3.328,3.461,3.148,3.477,3.613,3.949,3.684
2024-04-06 20:00:00+07:00,3.988,3.684,3.879,3.504,3.098,3.523,3.875,4.082
2024-04-06 20:10:00+07:00,3.898,3.82,3.699,3.414,3.738,3.82,3.691,3.922
2024-04-06 20:20:00+07:00,4.16,4.113,4.105,3.781,3.734,4.148,3.914,4.172
2024-04-06 20:30:00+07:00,4.105,4.203,3.957,3.891,3.863,4.063,4.289,4.352
2024-04-06 20:40:00+07:00,4.293,4.176,3.902,4.148,4.492,4.316,4.367,4.227
2024-04-06 20:50:00+07:00,4.332,4.195,4.309,4.273,4.496,4.711,3.98,4.363
2024-04-06 21:00:00+07:00,4.332,4.219,4.477,4.656,3.977,4.297,4.645,4.633
2024-04-06 21:10:00+07:00,4.508,4.254,4.246,4.34,3.766,4.449,4.23,4.359
2024-04-06 21:20:00+07:00,4.648,4.332,4.066,4.418,3.762,4.523,4.953,4.691
2024-04-06 21:30:00+07:00,4.637,4.438,4.07,4.355,3.746,4.73,4.98,4.93
2024-04-06 21:40:00+07:00,4.496,4.328,4.402,4.297,4.102,4.609,4.836,4.348
2024-04-06 21:50:00+07:00,4.191,3.699,4.324,3.633,4.367,3.91,4.543,4.5
2024-04-06 22:00:00+07:00,4.074,3.664,3.488,3.297,4.223,4.434,4.461,3.813
2024-04-06 22:10:00+07:00,4.434,3.781,3.121,3.637,4.305,4.305,4.375,3.672
2024-04-06 22:20:00+07:00,4.191,3.652,3.301,3.645,4.168,4.617,4.004,4.078
2024-04-06 22:30:00+07:00,4.102,3.609,3.707,4.473,4.902,4.348,4.711,4.504
2024-04-06 22:40:00+07:00,4.293,4.074,4.625,4.703,4.648,4.41,4.418,4.781
2024-04-06 22:50:00+07:00,4.609,4.281,4.91,4.715,4.348,4.574,4.629,4.82
2024-04-06 23:00:00+07:00,4.422,4.301,4.652,4.523,4.195,3.688,4.785,4.516
2024-04-06 23:10:00+07:00,4.148,3.984,4.082,3.91,4.012,4.508,4.664,4.258
2024-04-06 23:20:00+07:00,4.031,4.379,4.211,4.277,4.305,4.117,3.871,4.637
2024-04-06 23:30:00+07:00,4.23,3.91,3.961,4.309,3.973,3.883,4.063,4.41
2024-04-06 23:40:00+07:00,4.078,4.18,4.195,4.27,4.207,3.613,4.371,4.488
2024-04-06 23:50:00+07:00,4.203,3.676,4.348,3.953,3.695,3.449,4.047,4.113
2024-04-07 0:00:00+07:00,3.781,4.012,4.035,4.27,4.445,4.25,4.098,4.707
2024-04-07 0:10:00+07:00,4.254,4.266,4.027,4.008,4.469,4.668,5.109,4.34
2024-04-07 0:20:00+07:00,4.738,4.516,4.359,4.395,5.113,5.09,5.25,4.668
2024-04-07 0:30:00+07:00,5.145,4.684,4.273,4.395,4.754,4.375,5.137,4.68
2024-04-07 0:40:00+07:00,4.898,4.664,4.605,4.574,4.195,4.551,5.035,4.723
2024-04-07 0:50:00+07:00,4.676,4.633,3.887,4.234,4.039,4.402,4.566,4.961
2024-04-07 1:00:00+07:00,4.086,3.965,4.168,3.77,3.785,3.773,3.918,4.379
2024-04-07 1:10:00+07:00,4.504,4.27,4.547,4.219,4.023,3.773,3.934,3.793
2024-04-07 1:20:00+07:00,4.359,4.301,4.293,4.438,4.531,4.246,4.129,3.879
2024-04-07 1:30:00+07:00,4.258,4.063,3.996,4.277,4.742,4.305,4.25,4.059
2024-04-07 1:40:00+07:00,4.09,4.402,3.945,4.559,4.52,4.266,4.074,4.527
2024-04-07 1:50:00+07:00,3.914,3.961,4.379,3.852,3.965,4.215,4.063,4.336
2024-04-07 2:00:00+07:00,4.023,4.117,4.191,4.273,4.32,4.242,4.594,4.285
2024-04-07 2:10:00+07:00,4.227,3.98,4.063,4.051,4.027,4.039,4.133,4.285
2024-04-07 2:20:00+07:00,4.129,3.902,3.707,3.762,3.984,3.949,3.977,4.125
2024-04-07 2:30:00+07:00,3.84,3.73,3.996,4.125,4.035,4.031,3.977,3.914
2024-04-07 2:40:00+07:00,3.984,3.813,3.711,3.668,3.422,4.012,3.016,4.023
2024-04-07 2:50:00+07:00,3.902,3.535,3.652,3.73,3.918,4.316,4.316,4.367
2024-04-07 3:00:00+07:00,4.156,3.883,4.16,4.219,4.027,4.227,4.328,4.176
2024-04-07 3:10:00+07:00,3.891,3.828,3.898,4.082,4.336,4.031,3.988,4.109
2024-04-07 3:20:00+07:00,3.555,3.641,3.879,3.723,4.094,3.793,3.828,3.906
2024-04-07 3:30:00+07:00,3.777,3.813,4.047,4.137,3.785,3.637,3.566,2.961
2024-04-07 3:40:00+07:00,3.863,3.816,3.973,3.895,3.902,3.672,3.941,3.625
2024-04-07 3:50:00+07:00,3.684,3.434,3.805,3.941,4.117,3.895,4.203,4.145
2024-04-07 4:00:00+07:00,3.48,3.359,3.496,3.762,3.961,3.781,4.047,4.027
2024-04-07 4:10:00+07:00,3.492,3.469,3.574,3.602,3.664,3.277,3.59,3.496
2024-04-07 4:20:00+07:00,3.914,3.742,3.719,3.828,3.848,3.422,3.531,3.621
2024-04-07 4:30:00+07:00,3.438,3.367,3.766,3.641,3.496,3.324,3.656,3.465
2024-04-07 4:40:00+07:00,3.727,3.477,3.57,3.77,3.977,3.957,4.215,4.031
2024-04-07 4:50:00+07:00,4.152,3.965,3.754,3.762,3.719,3.609,3.84,4.047
2024-04-07 5:00:00+07:00,4.578,4.52,4.453,4.148,3.926,3.535,3.512,3.652
2024-04-07 5:10:00+07:00,4.32,4.18,4.145,4.188,4.102,4.203,4.012,3.883
2024-04-07 5:20:00+07:00,4.355,4.215,4.227,4.199,4.223,4.355,4.371,4.27
2024-04-07 5:30:00+07:00,4.887,4.734,4.699,4.613,4.641,4.594,4.594,4.465
2024-04-07 5:40:00+07:00,4.766,4.641,4.68,4.641,4.652,4.488,4.551,4.473
2024-04-07 5:50:00+07:00,4.66,4.633,4.645,4.629,4.789,4.707,4.59,4.332
2024-04-07 6:00:00+07:00,4.465,4.414,4.473,4.09,4.055,3.77,3.824,4.355
2024-04-07 6:10:00+07:00,4.191,4.094,3.938,3.359,3.648,3.801,3.887,3.656
2024-04-07 6:20:00+07:00,4.191,4.086,4.211,4.008,3.629,3.438,3.426,3.012
2024-04-07 6:30:00+07:00,4.137,3.703,3.898,3.566,3.328,3.266,2.52,2.492
2024-04-07 6:40:00+07:00,4.086,3.582,3.223,2.875,2.605,2.34,1.195,1.949
2024-04-07 6:50:00+07:00,3.988,3.297,3.02,2.285,2.059,1.934,1.98,1.809
2024-04-07 7:00:00+07:00,3.074,2.957,3.496,2.152,1.898,2.582,3.176,3.258
2024-04-07 7:10:00+07:00,4.121,3.617,4.258,4.25,2.848,2.973,3.875,4.145
2024-04-07 7:20:00+07:00,4.844,4.387,3.977,3.688,4.301,2.918,3.758,3.57
2024-04-07 7:30:00+07:00,4.688,4.414,4.008,4.07,4.113,2.648,2.504,2.172
2024-04-07 7:40:00+07:00,4.004,4.059,3.754,4.113,3.633,3.07,3.465,3.59
2024-04-07 7:50:00+07:00,3.801,3.961,3.711,3.488,3.051,3.777,3.703,4.035
2024-04-07 8:00:00+07:00,3.563,4.137,4.102,3.441,3.637,2.98,4.152,3.77
2024-04-07 8:10:00+07:00,4.41,4.223,3.867,4.277,4.047,4.473,4.043,4.199
2024-04-07 8:20:00+07:00,4.117,3.969,3.98,3.422,3.934,4.121,4.172,3.906
2024-04-07 8:30:00+07:00,4.332,3.945,4.18,4.199,4.5,4.48,4.355,4.371
2024-04-07 8:40:00+07:00,4.469,3.813,4.457,3.965,4.18,4.313,4.414,4.098
2024-04-07 8:50:00+07:00,4.711,4.355,4.75,4.738,4.668,4.398,4.496,4.605
2024-04-07 9:00:00+07:00,4.645,4.359,4.484,4.301,4.219,4.305,4.645,4.574
2024-04-07 9:10:00+07:00,4.336,4.324,4.723,4.711,4.547,4.313,4.746,4.395
2024-04-07 9:20:00+07:00,4.371,4.359,4.305,4.191,4.297,4.266,4.465,4.566
2024-04-07 9:30:00+07:00,4.84,4.73,4.574,4.563,4.68,4.766,4.637,4.652
2024-04-07 9:40:00+07:00,4.902,4.418,5.055,4.625,4.945,4.266,4.504,4.785
2024-04-07 9:50:00+07:00,4.82,4.715,4.969,4.996,5.078,5.09,5.098,4.934
2024-04-07 10:00:00+07:00,5.074,5.102,5.168,5.156,5.176,5.371,5.008,5.461
2024-04-07 10:10:00+07:00,4.859,5.102,5.199,5.164,4.938,5.363,5.371,5.27
2024-04-07 10:20:00+07:00,5.715,5.645,5.555,5.406,5.457,5.742,5.363,5.508
2024-04-07 10:30:00+07:00,5.41,5.578,5.559,5.625,5.555,5.527,5.363,5.254
2024-04-07 10:40:00+07:00,4.73,4.848,4.707,4.887,4.801,5.141,4.879,5
2024-04-07 10:50:00+07:00,5.301,5.086,4.918,5.367,5.234,5.578,4.918,5.254
2024-04-07 11:00:00+07:00,5.441,4.07,5.164,4.82,4.969,5.039,5.156,5.258
2024-04-07 11:10:00+07:00,5.715,5.289,5.316,5.273,5.32,5.254,4.926,5.48
2024-04-07 11:20:00+07:00,5.934,5.523,5.441,5.633,5.262,5.445,5.141,5.695
2024-04-07 11:30:00+07:00,5.23,5.828,5.984,5.754,5.367,5.742,5.141,5.641
2024-04-07 11:40:00+07:00,5.457,5.449,5.621,5.859,5.883,5.664,5.613,6.027
2024-04-07 11:50:00+07:00,5.492,5.816,5.711,6.012,5.391,5.973,5.727,5.91
2024-04-07 12:00:00+07:00,6.184,6.023,5.797,5.891,5.613,5.988,6.117,6.117
2024-04-07 12:10:00+07:00,5.84,5.855,5.867,5.867,6.102,6.07,6.02,5.816
2024-04-07 12:20:00+07:00,5.824,5.82,5.039,5.762,5.98,5.809,5.77,5.336
2024-04-07 12:30:00+07:00,5.59,5.492,5.551,5.234,5.551,5.859,5.707,5.621
2024-04-07 12:40:00+07:00,5.945,5.504,5.43,5.727,5.945,6.004,5.918,5.496
2024-04-07 12:50:00+07:00,5.738,5.73,5.633,5.34,5.742,5.52,5.867,5.691
2024-04-07 13:00:00+07:00,5.742,5.48,5.766,5.719,5.391,5.652,5.477,5.125
2024-04-07 13:10:00+07:00,6.25,5.891,5.816,5.953,5.801,6.109,6,5.84
2024-04-07 13:20:00+07:00,6.383,6.41,6.125,6.313,6.145,6.793,6.441,5.969
2024-04-07 13:30:00+07:00,6.793,6.652,6.402,6.402,6.164,6.813,6.684,6.758
2024-04-07 13:40:00+07:00,6.449,6.074,6.469,6.43,6.242,6.586,6.402,6.758
2024-04-07 13:50:00+07:00,6.277,6.422,5.848,6.277,6.711,6.059,6.355,6.578
2024-04-07 14:00:00+07:00,6.328,5.926,6.77,6.402,6.664,6.113,6.371,6.961
2024-04-07 14:10:00+07:00,7.098,6.734,6.656,6.563,6.996,6.109,6.754,6.977
2024-04-07 14:20:00+07:00,7.168,7.598,6.984,7.18,7.504,7.188,7.418,7.625
2024-04-07 14:30:00+07:00,7.379,7.023,6.945,6.922,7.293,7.348,6.73,7.563
2024-04-07 14:40:00+07:00,7.246,6.977,6.66,7.141,7.227,6.723,7.375,7.129
2024-04-07 14:50:00+07:00,7.539,7.336,6.949,7.16,7.281,7.078,7.168,7.297
2024-04-07 15:00:00+07:00,7.113,7.203,7.109,6.746,7.352,6.641,7.238,7.133
2024-04-07 15:10:00+07:00,7.625,7.273,7.219,6.855,7.121,7,6.555,7.379
2024-04-07 15:20:00+07:00,6.895,6.66,6.805,7.059,6.984,6.512,7.207,7.445
2024-04-07 15:30:00+07:00,7.262,6.984,6.598,6.68,6.867,6.563,6.637,6.934
2024-04-07 15:40:00+07:00,7.195,7.211,6.469,6.648,6.59,6.133,6.797,7.297
2024-04-07 15:50:00+07:00,7.199,6.43,6.527,7.184,7.18,6.57,6.762,7.246
2024-04-07 16:00:00+07:00,7.051,6.828,6.352,6.75,6.617,6.621,6.867,7.289
2024-04-07 16:10:00+07:00,6.953,6.641,6.488,6.629,6.691,6.281,7.113,7.07
2024-04-07 16:20:00+07:00,6.938,7.242,6.859,6.746,6.746,5.953,6.984,6.758
2024-04-07 16:30:00+07:00,6.918,6.832,6.539,6.465,6.938,6.387,6.656,6.707
2024-04-07 16:40:00+07:00,6.848,6.152,6.352,5.914,6.801,6.348,6.059,6.465
2024-04-07 16:50:00+07:00,6.52,6.691,6.344,6.285,6.262,6.363,6.676,6.559
2024-04-07 17:00:00+07:00,6.07,6.273,5.918,6.328,6.328,6.422,6.125,6.66
2024-04-07 17:10:00+07:00,6.348,6.16,6.195,6.594,6.465,5.75,6.512,6.148
2024-04-07 17:20:00+07:00,6.637,6.293,6.168,6.102,6.563,6.059,6.613,6.527
2024-04-07 17:30:00+07:00,6.766,6.215,6.449,6.254,6.316,5.789,6.383,6.441
2024-04-07 17:40:00+07:00,6.398,6.16,6.664,6.641,6.285,5.863,6.25,6.684
2024-04-07 17:50:00+07:00,7.082,6.824,6.969,6.777,6.879,6.152,6.504,6.969
2024-04-07 18:00:00+07:00,7.113,6.492,6.715,6.902,6.586,6.262,5.719,6.59
2024-04-07 18:10:00+07:00,6.895,6.559,6.148,6.305,6.313,6.594,6.098,6.141
2024-04-07 18:20:00+07:00,6.492,6.918,6.547,5.902,5.77,5.926,6.563,6.234
2024-04-07 18:30:00+07:00,6.773,6.41,5.82,5.434,5.391,6.117,5.836,5.473
2024-04-07 18:40:00+07:00,6.41,6.008,5.57,5.27,5.676,6.043,5.965,5.734
2024-04-07 18:50:00+07:00,5.602,6.016,5.738,5.809,5.184,5.52,5.855,5.828
2024-04-07 19:00:00+07:00,4.809,5.602,5.926,5.688,5.172,5.34,5.617,5.813
2024-04-07 19:10:00+07:00,5.105,5.574,6.059,5.813,6.297,5.699,5.359,5.375
2024-04-07 19:20:00+07:00,5.316,5.344,5.672,6.422,5.309,5.563,5.262,4.551
2024-04-07 19:30:00+07:00,5.707,6.047,5.527,5.742,4.918,5.266,4.742,5.266
2024-04-07 19:40:00+07:00,5.234,5.453,5.352,5.723,5.352,5.281,4.789,5.34
2024-04-07 19:50:00+07:00,5.445,5.031,5.73,6.504,5.516,5.746,5.379,5.406
2024-04-07 20:00:00+07:00,6.32,5.211,5.621,6.477,6.652,5.793,6.008,5.707
2024-04-07 20:10:00+07:00,6.559,6.176,5.406,6.047,6.871,6.258,5.918,6.398
2024-04-07 20:20:00+07:00,6.91,7.063,6.816,6.555,6.266,6.48,6.16,6.496
2024-04-07 20:30:00+07:00,6.926,7.109,6.863,6.566,6.16,5.758,6.613,6.461
2024-04-07 20:40:00+07:00,7.273,7.156,6.828,6.137,6.449,5.672,6.438,6.66
2024-04-07 20:50:00+07:00,7.012,6.859,6.605,6.5,5.664,7.133,6.469,6.184
2024-04-07 21:00:00+07:00,6.48,6.176,6.645,6.148,6.105,5.688,5.023,5.742
2024-04-07 21:10:00+07:00,5.363,5.742,6.191,6.387,5.898,6.188,4.992,5.879
2024-04-07 21:20:00+07:00,5.422,5.242,6.043,5.84,6.043,5.797,5.176,5.52
2024-04-07 21:30:00+07:00,6.965,6.363,6.664,5.977,6.016,5.551,5.09,5.527
2024-04-07 21:40:00+07:00,5.199,5.656,5.848,5.84,6.047,5.125,6.012,5.934
2024-04-07 21:50:00+07:00,4.668,4.598,5.754,5.918,6.258,5.648,5.93,6.273
2024-04-07 22:00:00+07:00,4.785,4.906,5.652,5.648,6.148,5.871,6.355,6.141
2024-04-07 22:10:00+07:00,4.797,5.105,5.922,6.129,6.211,5.344,5.984,6.148
2024-04-07 22:20:00+07:00,5.168,5.156,5.723,6.258,6.164,5.852,5.527,5.957
2024-04-07 22:30:00+07:00,4.895,5.207,5.875,6.137,6.289,6.141,6.336,5.844
2024-04-07 22:40:00+07:00,4.805,4.797,5.84,5.777,5.984,6.277,5.637,5.59
2024-04-07 22:50:00+07:00,4.246,4.5,5.684,5.563,5.477,6.082,5.039,6.012
2024-04-07 23:00:00+07:00,4.379,4.27,4.938,5.336,5.629,5.219,5.16,5.383
2024-04-07 23:10:00+07:00,4.461,4.555,4.77,5.109,5.109,5.32,4.785,5.02
2024-04-07 23:20:00+07:00,4.957,4.137,4.504,4.945,5.195,5.336,5.41,4.871
2024-04-07 23:30:00+07:00,5.102,4.586,4.188,4.699,4.566,4.98,5.07,4.887
2024-04-07 23:40:00+07:00,4.629,4.457,4.633,4.762,4.508,4.734,4.883,4.797
2024-04-07 23:50:00+07:00,4.25,4.406,4.207,4.742,5.172,5.223,5.016,4.602
2024-04-08 0:10:00+07:00,4.559,4.289,5.195,4.594,5.383,5.094,5.234,4.852
2024-04-08 0:10:00+07:00,4.578,4.57,4.879,5.023,5.375,5.453,5.695,4.363
2024-04-08 0:20:00+07:00,4.555,4.313,5,4.543,5.164,5.492,5.426,4.496
2024-04-08 0:30:00+07:00,4.438,4.152,4.582,4.738,5.098,5.375,5.266,4.367
2024-04-08 0:40:00+07:00,4.145,3.91,4.254,4.438,5.016,4.539,3.863,4.711
2024-04-08 0:50:00+07:00,4.922,4.18,4.016,4.352,4.531,4.652,4.371,4.418
2024-04-08 1:00:00+07:00,4.625,4.289,3.879,4.016,4.672,4.75,5.09,4.914
2024-04-08 1:10:00+07:00,4.699,3.918,3.84,3.895,3.867,4.555,4.637,4.203
2024-04-08 1:20:00+07:00,4.559,3.973,3.73,4.125,3.758,4.289,4.574,4.359
2024-04-08 1:30:00+07:00,4.379,3.789,3.969,4.066,4.199,4.395,4.742,4.395
2024-04-08 1:40:00+07:00,4.418,3.684,3.789,3.711,4.113,4.844,4.746,4.305
2024-04-08 1:50:00+07:00,4.129,3.672,4.133,4.23,4.371,4.699,4.695,3.871
2024-04-08 2:00:00+07:00,3.793,3.859,4.117,4.461,4.59,4.348,4.402,4.059
2024-04-08 2:10:00+07:00,3.797,4.098,4.504,4.648,4.512,4.266,4.469,4.938
2024-04-08 2:20:00+07:00,3.797,3.625,4.148,4.445,3.953,3.367,4.18,4.27
2024-04-08 2:30:00+07:00,3.746,3.914,4.207,4.258,4.148,3.828,3.617,4.109
2024-04-08 2:40:00+07:00,4.031,3.992,4.152,4.328,4.445,4.082,4.207,3.941
2024-04-08 2:50:00+07:00,3.852,3.668,3.578,3.582,3.984,3.773,3.863,3.938
2024-04-08 3:00:00+07:00,4.027,3.391,3.598,3.438,4.176,3.91,3.879,3.973
2024-04-08 3:10:00+07:00,3.883,4.082,3.973,4.191,4.285,4.324,4.238,4.121
2024-04-08 3:20:00+07:00,4.203,4.125,4.027,4.227,4.289,4.465,4.141,4.035
2024-04-08 3:30:00+07:00,4.551,4.242,4.461,4.313,4.52,4.523,4.328,4.41
2024-04-08 3:40:00+07:00,4.512,4.531,4.469,4.551,4.348,4.5,4.617,4.309
2024-04-08 3:50:00+07:00,4.625,4.242,4.445,4.559,4.277,4.543,4.664,4.375
2024-04-08 4:00:00+07:00,4.5,4.324,4.035,4.102,4.074,4.406,4.469,4.266
2024-04-08 4:10:00+07:00,4.246,4.109,3.789,3.539,3.719,3.816,4.445,4.371
2024-04-08 4:20:00+07:00,3.926,3.609,3.75,3.473,3.523,3.762,3.82,4.164
2024-04-08 4:30:00+07:00,3.555,2.871,2.973,3.176,3.418,3.453,3.52,3.523
2024-04-08 4:40:00+07:00,3.91,3.371,3.5,3.141,3.785,3.621,3.41,3.551
2024-04-08 4:50:00+07:00,4.02,3.555,3.613,3.566,3.777,3.816,3.449,3.539
2024-04-08 5:00:00+07:00,3.711,3.449,3.707,3.793,4.137,4.004,3.816,3.973
2024-04-08 5:10:00+07:00,4.117,3.984,3.883,4.031,4.156,4.406,4.391,4.27
2024-04-08 5:20:00+07:00,4.152,3.742,3.707,3.836,4.051,3.965,4.152,4.199
2024-04-08 5:30:00+07:00,4.008,3.719,3.832,3.859,3.891,3.766,3.84,3.879
2024-04-08 5:40:00+07:00,4.066,3.82,3.762,3.832,3.859,3.645,3.684,3.73
2024-04-08 5:50:00+07:00,4.215,4.207,3.988,3.801,3.914,4.027,3.906,3.773
2024-04-08 6:00:00+07:00,3.953,3.793,3.816,3.645,3.949,4.293,4.051,3.945
2024-04-08 6:10:00+07:00,4.055,3.855,3.895,3.836,4.074,4.035,3.961,3.988
2024-04-08 6:20:00+07:00,3.996,3.809,4.004,4.137,4.367,4.195,4.223,4.289
2024-04-08 6:30:00+07:00,4.168,4,3.941,3.902,4.465,4.258,4.137,4.445
2024-04-08 6:40:00+07:00,3.859,3.461,3.645,4.008,4.27,3.953,4.234,4.113
2024-04-08 6:50:00+07:00,3.547,3.195,3.469,3.645,3.734,3.461,3.871,3.656
2024-04-08 7:00:00+07:00,3.012,2.742,2.91,2.711,2.789,3.004,2.875,2.52
2024-04-08 7:10:00+07:00,2.875,2.516,2.438,1.91,2.578,2.602,2.281,1.922
2024-04-08 7:20:00+07:00,2.531,1.855,1.895,1.641,1.691,1.98,1.156,1.453
2024-04-08 7:30:00+07:00,2.535,1.77,2.211,1.602,1.938,2.359,1.426,2.539
2024-04-08 7:40:00+07:00,2.492,3.066,2.566,1.922,2.699,1.832,2.766,2.629
2024-04-08 7:50:00+07:00,2.672,3.117,3.27,3.078,2.66,1.91,2.559,2.156
2024-04-08 8:00:00+07:00,3.203,2.746,2.707,3.098,3.07,2.781,2.406,1.898
2024-04-08 8:10:00+07:00,2.523,2.293,2.07,2.035,3.207,2.578,2.559,2.129
2024-04-08 8:20:00+07:00,2.297,1.434,1.773,2.125,2.078,2.598,2.316,2.496
2024-04-08 8:30:00+07:00,3.102,2.398,2.98,3.207,2.973,3.41,3.297,3.371
2024-04-08 8:40:00+07:00,3.359,3.125,2.578,2.363,2.395,2.828,2.762,3.129
2024-04-08 8:50:00+07:00,3.117,3.336,3.02,3.434,2.965,2.93,3.219,3.293
2024-04-08 9:00:00+07:00,3.18,2.906,3.023,3.121,2.797,2.695,2.574,2.508
2024-04-08 9:10:00+07:00,2.707,2.766,2.398,2.637,2.367,2.309,2.078,1.918
2024-04-08 9:20:00+07:00,2.344,2.195,2.316,2.465,1.871,2.418,2.941,2.348
2024-04-08 9:30:00+07:00,2.723,2.816,2.793,3.059,2.422,2.398,3.293,3.152
2024-04-08 9:40:00+07:00,3.563,3.391,3.438,3.613,3.398,3.359,3.301,3.5
2024-04-08 9:50:00+07:00,3.898,3.895,3.695,3.668,3.566,3.527,3.211,3.219
2024-04-08 10:00:00+07:00,3.906,4.223,4.273,4.5,4.43,4.754,4.168,4.563
2024-04-08 10:10:00+07:00,4.023,4.148,4.359,4.594,5.031,4.496,4.109,4.285
2024-04-08 10:20:00+07:00,4.172,3.969,4.148,4.457,4.629,4.441,4.449,4.484
2024-04-08 10:30:00+07:00,4.242,4.266,4.285,4.605,4.77,4.383,4.023,4.262
2024-04-08 10:40:00+07:00,3.738,4.172,4.23,4.055,4.273,3.863,4.387,4.695
2024-04-08 10:50:00+07:00,4.434,4.461,4.449,4.422,4.203,4.008,4.215,3.871
2024-04-08 11:00:00+07:00,3.934,4.074,4.285,4.352,4.508,4.207,3.949,3.711
2024-04-08 11:10:00+07:00,4.074,4.125,4.34,4.324,4.352,4.227,3.945,4.555
2024-04-08 11:20:00+07:00,4.324,4.113,4.613,4.945,4.473,4.691,4.332,3.973
2024-04-08 11:30:00+07:00,3.828,3.824,3.977,4.141,4.238,4.32,4.563,4.52
2024-04-08 11:40:00+07:00,3.508,3.141,3.746,4.074,4.414,4.164,4.273,4.309
2024-04-08 11:50:00+07:00,3.594,3.867,4.035,4.078,3.223,4.016,4.672,4.699
2024-04-08 12:00:00+07:00,3.555,3.391,3.586,3.719,4.07,4.004,4.527,4.43
2024-04-08 12:10:00+07:00,4.277,4.598,3.992,3.949,3.117,3.613,4.434,4.754
2024-04-08 12:20:00+07:00,4.012,4.051,4.125,4.406,3.645,4.27,4.066,4.574
2024-04-08 12:30:00+07:00,4.223,4.262,4.305,4.289,4.242,4.391,4.316,4.348
2024-04-08 12:40:00+07:00,4.32,4.82,4.293,4.488,4.617,4.305,4.781,4.203
2024-04-08 12:50:00+07:00,4.266,4.391,4.379,4.227,4.91,4.645,4.969,4.609
2024-04-08 13:00:00+07:00,4.465,4.355,4.246,4.484,4.824,5.297,5.543,5.828
2024-04-08 13:10:00+07:00,4.254,4.508,4.777,4.605,4.781,5.309,5.613,5.734
2024-04-08 13:20:00+07:00,4.922,4.965,5.156,4.613,4.703,4.605,5.465,5.941
2024-04-08 13:30:00+07:00,4.652,4.703,5.203,4.906,4.641,4.695,5.164,5.543
2024-04-08 13:40:00+07:00,4.73,5.305,4.879,5.469,5.004,4.879,4.629,5.086
2024-04-08 13:50:00+07:00,4.961,5.004,5.293,5.672,5.207,5.211,4.953,4.813
2024-04-08 14:00:00+07:00,5.102,5.719,5.027,5.715,5.738,5.652,5.449,5.34
2024-04-08 14:10:00+07:00,5.293,5.359,5.234,5.535,6.055,5.871,5.758,5.477
2024-04-08 14:20:00+07:00,5.258,5.027,5.172,5.508,5.484,5.504,5.141,5.266
2024-04-08 14:30:00+07:00,4.926,5.164,5.098,5.316,5.328,5.461,5.297,5.59
2024-04-08 14:40:00+07:00,4.789,5.137,5.191,5.563,5.645,5.914,5.078,5.449
2024-04-08 14:50:00+07:00,5.145,5.105,4.953,5.305,5.625,5.695,5.211,5.395
2024-04-08 15:00:00+07:00,4.75,4.914,4.957,5.133,4.977,5.258,4.949,5.434
2024-04-08 15:10:00+07:00,4.816,4.605,5.188,4.977,5.195,5.176,5.191,5.258
2024-04-08 15:20:00+07:00,4.746,4.566,4.363,5.125,5.316,5.238,4.973,5.156
2024-04-08 15:30:00+07:00,4.629,4.672,4.883,4.953,4.91,4.895,5.113,5.176
2024-04-08 15:40:00+07:00,4.613,5.016,4.984,5.117,5.184,4.938,4.934,5.148
2024-04-08 15:50:00+07:00,4.59,4.668,5.227,4.973,5.113,4.945,4.91,5.031
2024-04-08 16:00:00+07:00,4.625,4.809,4.82,4.871,5.02,5.598,5.18,5.242
2024-04-08 16:10:00+07:00,4.32,4.438,4.547,5.094,4.941,5.191,5.211,5.34
2024-04-08 16:20:00+07:00,4.527,4.656,4.629,4.656,4.895,5.129,5.32,5.145
2024-04-08 16:30:00+07:00,4.207,4.539,4.543,4.836,4.813,4.859,4.973,4.926
2024-04-08 16:40:00+07:00,3.813,4.055,4.359,4.551,4.527,4.805,4.758,4.715
2024-04-08 16:50:00+07:00,3.797,4.133,4.07,4.395,4.27,4.473,4.418,4.609
2024-04-08 17:00:00+07:00,3.844,3.469,3.711,4.137,4.063,4.195,4.402,4.453
2024-04-08 17:10:00+07:00,3.598,4.184,3.82,4.32,4.297,4.078,4.48,4.41
2024-04-08 17:20:00+07:00,4.094,4.234,4.133,4.461,4.34,4.336,4.668,4.688
2024-04-08 17:30:00+07:00,4.063,4.375,4.383,4.434,4.199,4.707,4.402,4.676
2024-04-08 17:40:00+07:00,3.938,4.18,4.301,4.66,4.777,4.484,4.555,4.773
2024-04-08 17:50:00+07:00,4.305,4.074,4.328,4.422,4.781,4.828,4.734,4.949
2024-04-08 18:00:00+07:00,4.074,4.082,4.098,4.309,4.641,4.426,4.793,4.652
2024-04-08 18:10:00+07:00,4.098,4.375,4.148,4.395,4.293,4.469,4.742,4.895
2024-04-08 18:20:00+07:00,4.23,4.57,4.523,4.453,3.875,4.402,4.605,4.887
2024-04-08 18:30:00+07:00,4.102,3.762,4.066,4.734,4.652,4.418,4.813,4.816
2024-04-08 18:40:00+07:00,4.059,4.129,3.91,4.316,4.484,4.996,4.828,4.496
2024-04-08 18:50:00+07:00,4.324,4.633,4.289,4.152,3.93,4.625,4.879,5.07
2024-04-08 19:00:00+07:00,4.324,4.164,4.113,3.492,4.047,4.398,4.957,4.066
2024-04-08 19:10:00+07:00,4.207,4.277,3.891,3.711,4.531,4.875,4.816,4.355
2024-04-08 19:20:00+07:00,3.719,4.402,4.453,4.531,4.609,4.695,4.711,4.48
2024-04-08 19:30:00+07:00,4.043,4.07,4.902,5.277,5.371,4.945,4.707,4.598
2024-04-08 19:40:00+07:00,4.012,5.063,4.859,4.906,4.859,5.012,4.426,4.531
2024-04-08 19:50:00+07:00,4.133,4.703,4.508,4.895,4.82,4.594,5.02,4.469
2024-04-08 20:00:00+07:00,4.379,4.816,5.254,5.371,4.988,4.551,4.75,4.758
2024-04-08 20:10:00+07:00,3.984,5.203,5.219,5.031,5.285,4.887,4.949,5.02
2024-04-08 20:20:00+07:00,3.82,4.852,5.109,4.863,5.109,5.254,4.719,4.672
2024-04-08 20:30:00+07:00,2.906,4.188,4.859,4.23,4.469,4.605,4.25,4.555
2024-04-08 20:40:00+07:00,1.918,4.242,4.637,4.18,4.73,4.098,3.473,4.824
2024-04-08 20:50:00+07:00,3.57,4.449,4.254,4.477,3.949,3.559,4.332,4.781
2024-04-08 21:00:00+07:00,3.984,4.25,4.23,4.254,3.129,4.699,4.648,4.309
2024-04-08 21:10:00+07:00,3.648,3.57,4.523,4.48,3.844,4.336,4.387,4.449
2024-04-08 21:20:00+07:00,3.828,3.668,4.43,4.352,3.617,4.625,4.961,4.293
2024-04-08 21:30:00+07:00,3.863,3.848,4.355,3.777,4.359,4.832,4.555,3.945
2024-04-08 21:40:00+07:00,3.887,3.656,3.918,3.895,4.246,4.691,4.73,4.25
2024-04-08 21:50:00+07:00,3.652,3.895,3.609,3.887,3.996,4.371,4.211,4.125
2024-04-08 22:00:00+07:00,3.602,4.258,4.18,3.887,3.941,4.625,4.156,4.199
2024-04-08 22:10:00+07:00,3.707,4.098,4.078,4.063,3.426,4.473,3.879,4.648
2024-04-08 22:20:00+07:00,3.727,4.145,3.941,4.359,3.766,4.133,4.383,4.496
2024-04-08 22:30:00+07:00,4.309,4.703,5.113,5.023,4.379,4.32,4.625,4.805
2024-04-08 22:40:00+07:00,4.551,4.613,4.832,4.898,4.797,4.719,4.641,5.203
2024-04-08 22:50:00+07:00,4.301,4.324,4.625,4.465,4.375,5.004,4.91,4.402
2024-04-08 23:00:00+07:00,4.004,4.223,4.668,4.273,4.246,4.652,4.48,4.207
2024-04-08 23:10:00+07:00,4.348,4.574,4.895,4.961,5.023,4.934,4.73,4.68
2024-04-08 23:20:00+07:00,4.09,4.809,5.32,5.422,5.348,5.113,4.957,5.133
2024-04-08 23:30:00+07:00,4.215,4.941,5.016,4.797,5.07,4.672,4.633,5.27
2024-04-08 23:40:00+07:00,4.246,4.559,4.707,4.867,4.895,4.762,4.703,5.164
2024-04-08 23:50:00+07:00,4.145,4.594,4.625,4.801,4.668,4.809,4.82,5.336
2024-04-09 0:00:00+07:00,4.141,4.539,4.836,5.031,5.063,5.184,4.832,5.465
2024-04-09 0:10:00+07:00,4.34,4.25,4.352,4.84,4.668,4.719,4.832,4.563
2024-04-09 0:20:00+07:00,4.195,3.855,4.434,4.145,4.121,4.477,4.895,4.328
2024-04-09 0:30:00+07:00,3.508,3.926,4.285,4.348,4.414,4.68,4.516,4.297
2024-04-09 0:40:00+07:00,3.5,3.711,3.934,4.168,4.391,4.484,4.277,4.512
2024-04-09 0:50:00+07:00,3.496,3.629,3.535,3.676,4.383,4.422,4.238,4.191
2024-04-09 1:00:00+07:00,3.273,3.363,3.785,3.695,4.273,4.34,4.07,3.398
2024-04-09 1:10:00+07:00,3.914,4.016,4.047,3.813,4.129,4.293,4.148,3.742
2024-04-09 1:20:00+07:00,3.602,3.742,3.762,3.992,4.379,4.512,4.492,3.738
2024-04-09 1:30:00+07:00,3.805,3.73,3.988,4.246,4.574,4.648,4.176,4.195
2024-04-09 1:40:00+07:00,3.988,3.379,3.801,3.992,4.301,4.641,4.234,4.176
2024-04-09 1:50:00+07:00,3.711,4.09,4.113,4.324,4.25,4.992,4.566,4.445
2024-04-09 2:00:00+07:00,3.633,4.043,4.277,4.77,4.508,5.316,4.914,4.695
2024-04-09 2:10:00+07:00,4.215,4.176,4.184,4.508,4.23,4.742,4.945,4.613
2024-04-09 2:20:00+07:00,4.313,4.184,4.23,3.707,4.004,4.094,4.188,4.328
2024-04-09 2:30:00+07:00,3.996,3.813,3.652,3.871,4.512,4.504,4.668,4.34
2024-04-09 2:40:00+07:00,3.945,3.758,4.113,4.172,4.316,4.742,4.809,4.293
2024-04-09 2:50:00+07:00,3.816,3.809,4.152,4.328,4.473,4.711,4.855,4.543
2024-04-09 3:00:00+07:00,4.156,4.18,4.355,4.254,4.395,4.949,4.508,4.066
2024-04-09 3:10:00+07:00,4.078,4.27,3.887,4.414,4.941,4.586,4.543,4.383
2024-04-09 3:20:00+07:00,4.113,4.168,4.254,4.438,4.637,4.652,4.168,4.586
2024-04-09 3:30:00+07:00,3.672,3.816,4.18,4.203,4.758,4.402,4.234,4.391
2024-04-09 3:40:00+07:00,3.516,3.715,4.281,4.066,4.688,3.863,4.129,4.242
2024-04-09 3:50:00+07:00,3.953,3.957,4.309,4.316,4.215,4.266,4.25,4.348
2024-04-09 4:00:00+07:00,4.156,4.285,4.574,4.688,4.297,4.367,4.203,4.785
2024-04-09 4:10:00+07:00,3.871,4.039,4.375,4.008,3.957,3.988,4.035,4.391
2024-04-09 4:20:00+07:00,3.914,3.953,3.855,3.941,4.129,4.207,4.023,3.922
2024-04-09 4:30:00+07:00,4.133,3.969,3.699,4.137,4.102,4.07,4.016,4.727
2024-04-09 4:40:00+07:00,3.957,3.93,4.141,3.957,3.816,4.297,4.398,4.793
2024-04-09 4:50:00+07:00,3.898,4.082,4.238,4.254,4.078,4.238,4.734,4.492
2024-04-09 5:00:00+07:00,3.68,3.934,4.129,4.219,4.125,4.645,4.488,4.504
2024-04-09 5:10:00+07:00,3.758,4.004,3.953,4.133,3.977,4.531,4.598,4.117
2024-04-09 5:20:00+07:00,3.445,3.777,4.27,4.328,4.242,4.875,4.492,3.785
2024-04-09 5:30:00+07:00,3.922,4.191,4.309,4.395,4.461,4.078,4.465,4.598
2024-04-09 5:40:00+07:00,3.664,4.266,4.23,4.199,4.902,4.605,3.828,4.551
2024-04-09 5:50:00+07:00,4.137,4.523,4.449,4.27,3.988,4.223,3.77,4.395
2024-04-09 6:00:00+07:00,4.063,4.402,4.457,4.313,3.965,3.879,3.43,4.707
2024-04-09 6:10:00+07:00,4.121,4.402,4.363,4.039,4.039,3.699,4.367,4.746
2024-04-09 6:20:00+07:00,4.121,4.027,4.605,4.367,3.988,4.551,4.934,5.137
2024-04-09 6:30:00+07:00,3.855,4.055,4.512,4.141,3.098,4.859,4.871,4.871
2024-04-09 6:40:00+07:00,3.305,4.102,4.492,4.324,3.852,4.598,4.75,4.598
2024-04-09 6:50:00+07:00,3.953,4.117,4.047,3.25,4.441,4.668,4.789,4.723
2024-04-09 7:00:00+07:00,3.758,4.191,3.918,4.051,4.586,4.871,4.848,4.469
2024-04-09 7:10:00+07:00,4.563,4.699,4.145,4.563,4.473,4.555,4.527,3.883
2024-04-09 7:20:00+07:00,4.48,4.5,3.969,5.105,4.324,4.805,4.57,3.23
2024-04-09 7:30:00+07:00,5.086,4.789,4.816,5.574,4.996,5.445,5.156,5.164
2024-04-09 7:40:00+07:00,4.941,4.953,5.297,5.43,5.805,5.438,5.211,5.398
2024-04-09 7:50:00+07:00,5.707,5.027,5.645,5.473,5.609,4.957,5.313,5.672
2024-04-09 8:00:00+07:00,4.523,5.145,5.98,5.484,5.422,5.758,5.703,5.762
2024-04-09 8:10:00+07:00,4.539,5.348,5.543,5.758,6.172,5.867,5.984,5.914
2024-04-09 8:20:00+07:00,5.531,6.063,6.113,6.293,5.91,6.426,6.039,6.051
2024-04-09 8:30:00+07:00,5.766,6.352,5.984,6.18,6.207,6.328,5.895,6.117
2024-04-09 8:40:00+07:00,5.805,6.398,6.063,6.016,6.609,6.863,5.969,6.719
2024-04-09 8:50:00+07:00,6.418,6.379,6.074,6.172,6.051,6.148,5.727,5.953
2024-04-09 9:00:00+07:00,6.355,6.691,6.051,6.043,6.77,6.68,6.371,6.531
2024-04-09 9:10:00+07:00,6.199,6.539,5.91,6.527,6.449,7.039,6.387,6.781
2024-04-09 9:20:00+07:00,5.906,6.215,6.641,6.516,6.613,6.469,6.309,6.961
2024-04-09 9:30:00+07:00,6.426,6.059,6.633,6.82,6.148,6.531,6.469,6.852
2024-04-09 9:40:00+07:00,6.391,6.965,6.695,5.684,6.469,6.078,6.539,6.91
2024-04-09 9:50:00+07:00,6.676,6.91,6.57,6.199,6.648,6.09,6.383,6.441
2024-04-09 10:00:00+07:00,6.496,6.684,6.188,6.5,6.652,6.254,6.613,6.633
2024-04-09 10:10:00+07:00,6.668,6.82,6.547,6.684,7.141,6.406,6.945,6.457
2024-04-09 10:20:00+07:00,5.996,6.883,6.465,6.344,6.941,6.461,6.313,6.961
2024-04-09 10:30:00+07:00,6.555,6.809,6.836,6.941,6.102,6.484,6.691,7.188
2024-04-09 10:40:00+07:00,6.996,6.391,6.875,6.043,6.992,6.492,6.223,6.965
2024-04-09 10:50:00+07:00,6.727,6.707,6.691,6.508,6.117,6.074,7.219,6.891
2024-04-09 11:00:00+07:00,6.684,6.84,6.453,6.41,6.848,6.555,6.848,7.055
2024-04-09 11:10:00+07:00,6.844,6.859,6.43,6.934,6.414,6.188,7.004,6.883
2024-04-09 11:20:00+07:00,6.699,6.766,7.176,7.133,6.801,6.625,6.961,6.852
2024-04-09 11:30:00+07:00,7.004,7.074,7.41,7.418,6.633,6.488,7.32,7.207
2024-04-09 11:40:00+07:00,6.637,7.266,7.133,6.578,6.699,6.879,7.313,7.184
2024-04-09 11:50:00+07:00,7.227,7.688,7.336,7.051,7.434,6.789,7.027,7.047
2024-04-09 12:00:00+07:00,7.719,8.051,7.688,7.871,7.789,7.305,7.648,7.609
2024-04-09 12:10:00+07:00,7.688,7.887,7.891,7.836,7.238,8.066,7.688,7.699
2024-04-09 12:20:00+07:00,7.527,7.926,7.539,7.008,7.648,7.508,7.594,7.461
2024-04-09 12:30:00+07:00,7.215,7.879,7.793,7.688,7.461,7.559,7.773,8.098
2024-04-09 12:40:00+07:00,7.664,7.871,7.898,7.855,7.711,7.504,7.938,8.195
2024-04-09 12:50:00+07:00,7.559,8.172,7.836,8.25,8.266,7.961,7.91,8.137
2024-04-09 13:00:00+07:00,8.621,8.949,8.43,8.316,8.43,8.766,8.543,8.285
2024-04-09 13:10:00+07:00,8.926,8.668,8.629,8.66,8.293,8.723,8.727,9.168
2024-04-09 13:20:00+07:00,8.742,8.457,8.66,8.887,8.32,8.285,8.996,9.363
2024-04-09 13:30:00+07:00,8.402,8.52,8.805,8.574,8.656,8.34,8.066,8.531
2024-04-09 13:40:00+07:00,8.133,8.922,8.398,8.727,8.492,7.98,8.727,8.73
2024-04-09 13:50:00+07:00,8.496,8.988,8.527,8.371,8.246,8.277,8.488,8
2024-04-09 14:00:00+07:00,8.492,8.602,7.758,8.07,8.602,8.152,8.027,8.34
2024-04-09 14:10:00+07:00,8.703,8.402,7.992,7.648,8.309,8.16,8.48,9.207
2024-04-09 14:20:00+07:00,8.613,8.523,8.211,8.48,8.777,8.453,8.566,9.168
2024-04-09 14:30:00+07:00,8.418,8.953,8.809,8.191,8.789,8.668,8.574,8.84
2024-04-09 14:40:00+07:00,8.332,8.449,7.891,8.711,8.598,8.133,7.941,8.75
2024-04-09 14:50:00+07:00,7.984,8.449,7.742,7.59,8.359,8.078,8.301,8.18
2024-04-09 15:00:00+07:00,7.891,8.313,8.621,7.645,7.887,8.348,8.734,8.316
2024-04-09 15:10:00+07:00,8.047,8.691,8.609,8.117,7.734,8.336,8.336,8.563
2024-04-09 15:20:00+07:00,7.711,7.75,8.195,7.738,8.301,7.602,8.281,8.773
2024-04-09 15:30:00+07:00,7.902,8.352,8.602,8.105,8.402,8.207,7.758,8.734
2024-04-09 15:40:00+07:00,7.746,8.875,8.793,8.031,8.938,8.395,7.727,8.395
2024-04-09 15:50:00+07:00,8.418,8.602,8.965,8.695,8.793,8.328,7.895,8.332
2024-04-09 16:00:00+07:00,8.609,8.66,8.543,7.938,7.801,8.289,8.539,8.746
2024-04-09 16:10:00+07:00,8.117,9.023,8.426,8.855,8.664,8.363,9.09,8.594
2024-04-09 16:20:00+07:00,8.152,8.871,8.289,8.965,8.871,8.113,8.598,8.141
2024-04-09 16:30:00+07:00,8.492,8.352,8.348,8.332,7.848,8.418,8.422,8.426
2024-04-09 16:40:00+07:00,7.82,8.539,8.352,8.242,7.496,8.453,8.766,8.602
2024-04-09 16:50:00+07:00,7.922,7.684,8.43,7.012,7.973,7.746,8.027,8.301
2024-04-09 17:00:00+07:00,7.699,8.207,7.133,7.918,7.766,8.172,8.664,8.164
2024-04-09 17:10:00+07:00,7.883,8.359,7.824,7.418,8.25,7.77,8.207,8.645
2024-04-09 17:20:00+07:00,8.188,8.063,8.637,8.609,8.777,8.223,8.414,8.578
2024-04-09 17:30:00+07:00,8.516,8.098,8.199,7.898,8.539,8.352,8.168,8.945
2024-04-09 17:40:00+07:00,8.066,9.023,8.309,7.52,8.461,8.191,8.32,9.512
2024-04-09 17:50:00+07:00,7.305,8.223,9.352,8.52,8.203,8.367,8.395,8.059
2024-04-09 18:00:00+07:00,7.801,8.254,8.25,8.336,8.746,8.598,9.383,8.801
2024-04-09 18:10:00+07:00,8.227,7.297,7.043,7.832,9.219,8.625,8.457,9.086
2024-04-09 18:20:00+07:00,7.473,7.168,8.68,8.508,7.387,8.133,8.125,8.977
2024-04-09 18:30:00+07:00,6.871,8.32,8.633,8.098,7.746,8.078,7.273,8.617
2024-04-09 18:40:00+07:00,7.445,7.727,8.133,7.277,7.066,7.063,7.418,7.754
2024-04-09 18:50:00+07:00,6.238,6.816,7.789,7.047,7.129,7.426,6.477,7.957
2024-04-09 19:00:00+07:00,7.016,6.148,6.852,7.375,7.645,7.508,7.777,7.5
2024-04-09 19:10:00+07:00,7.195,7.879,6.738,7.172,7.973,8.555,7.891,6.617
2024-04-09 19:20:00+07:00,6.355,6.895,7.605,6.977,7.105,8.965,8.367,8.523
2024-04-09 19:30:00+07:00,6.941,7.113,7.879,8.172,7.648,8.602,7.211,8.504
2024-04-09 19:40:00+07:00,7.512,7.578,8.063,8.258,8.324,8.215,8.5,8.242
2024-04-09 19:50:00+07:00,8.695,8.578,6.996,9.207,9.781,9.344,8.617,7.801
2024-04-09 20:00:00+07:00,8.551,8.504,7.34,9.082,8.766,9.441,9.406,7.746
2024-04-09 20:10:00+07:00,9.504,9.602,8.945,7.977,7.418,8.957,9.75,9.988
2024-04-09 20:20:00+07:00,8.773,9.473,9.617,8.922,9.41,8.965,9.625,9.305
2024-04-09 20:30:00+07:00,9.078,8.238,9.656,10.555,10.684,10.41,10.133,8.633
2024-04-09 20:40:00+07:00,9.34,9.121,9.402,9.746,11.359,10.328,9.781,9.117
2024-04-09 20:50:00+07:00,8.098,9.43,8.613,10.238,10.102,9.629,9.738,9.813
2024-04-09 21:00:00+07:00,8.633,8.102,8.824,10.441,9.727,10.02,10.184,9.77
2024-04-09 21:10:00+07:00,10.77,10.238,9.586,10.945,10.367,9.887,10.934,9.73
2024-04-09 21:20:00+07:00,10.141,10.23,10.762,11.605,11.344,10.641,9.945,10.484
2024-04-09 21:30:00+07:00,10.543,10.824,10.168,10.309,10.508,10.297,10.898,10.742
2024-04-09 21:40:00+07:00,11.691,11.516,10.117,10.852,11.418,11.461,11.824,11.5
2024-04-09 21:50:00+07:00,10.75,10.477,10.266,10.348,10.758,10.621,10.852,10.313
2024-04-09 22:00:00+07:00,9.953,10.605,10.961,10.547,9.434,10.422,10.383,10.594
2024-04-09 22:10:00+07:00,9.645,9.813,10.574,10.445,11.102,10.25,10.973,10.461
2024-04-09 22:20:00+07:00,8.777,9.379,10.891,9.934,10.254,10.242,10.059,9.977
2024-04-09 22:30:00+07:00,9.387,9.18,10.695,10.805,10.324,10.234,9.703,10.418
2024-04-09 22:40:00+07:00,9.449,8.559,10.625,10.902,11.266,10.992,8.816,10.129
2024-04-09 22:50:00+07:00,8.73,9.871,10.375,9.965,10.473,9.938,9.832,9.387
2024-04-09 23:00:00+07:00,8.285,10.117,9.992,9.449,9.051,9.449,9.664,10.328
2024-04-09 23:10:00+07:00,8.445,9.77,9.113,9.063,9.004,9.203,9.438,9.578
2024-04-09 23:20:00+07:00,7.219,8.727,9.531,9.82,9.609,9.055,9.379,10.605
2024-04-09 23:30:00+07:00,9.613,8.41,8.512,9.18,9.945,10.316,9.754,10.242
2024-04-09 23:40:00+07:00,10.035,9.906,10.031,10.059,10.707,10.766,10.637,9.707
2024-04-09 23:50:00+07:00,9.516,9.566,9.105,10.09,10.375,11.836,10.738,10.934
